state,district,year,week_number,bio_update_child,demo_update_child,update_backlog_child,is_anomaly,anomaly_score,shesd_bio_anomaly,shesd_demo_anomaly,combined_anomaly
100000,100000,2026,1,0,0,0,0,0.22883769135250992,0,0,0
Andaman & Nicobar Islands,Andamans,2026,1,-1,0,1,0,0.22023305520082254,0,0,0
Andaman & Nicobar Islands,Nicobars,2025,49,0,0,0,0,0.22883769135250992,0,0,0
Andaman & Nicobar Islands,South Andaman,2026,1,-1,0,1,0,0.22023305520082254,0,0,0
Andaman and Nicobar Islands,Nicobar,2026,1,-1,0,1,0,0.22023305520082254,0,0,0
Andaman and Nicobar Islands,North And Middle Andaman,2026,1,10,-1,-11,0,0.19509336265915722,0,0,0
Andaman and Nicobar Islands,South Andaman,2026,1,52,-1,-53,0,0.11346064837053749,0,0,0
Andhra Pradesh,Adilabad,2026,1,56,14,-42,0,0.22796022325529586,0,0,0
Andhra Pradesh,Alluri Sitharama Raju,2026,1,24,-1,-25,0,0.1634633004855967,0,0,0
Andhra Pradesh,Anakapalli,2026,1,12,-1,-13,0,0.19038181235102558,0,0,0
Andhra Pradesh,Anantapur,2026,1,121,20,-101,0,0.22015058206317167,0,0,0
Andhra Pradesh,Ananthapur,2026,1,154,36,-118,0,0.2228389690151853,0,0,0
Andhra Pradesh,Ananthapuramu,2026,1,220,18,-202,0,0.2028714646862338,0,0,0
Andhra Pradesh,Annamayya,2026,1,34,-1,-35,0,0.1433579208863962,0,0,0
Andhra Pradesh,Bapatla,2026,1,24,-1,-25,0,0.1634633004855967,0,0,0
Andhra Pradesh,Chittoor,2026,1,565,66,-499,0,0.2182530568300371,0,0,0
Andhra Pradesh,Cuddapah,2026,1,488,34,-454,0,0.20191810360118562,0,0,0
Andhra Pradesh,Dr. B. R. Ambedkar Konaseema,2026,1,19,-1,-20,0,0.16880475990219423,0,0,0
Andhra Pradesh,East Godavari,2026,1,499,82,-417,0,0.22044098660079592,0,0,0
Andhra Pradesh,Eluru,2026,1,16,-1,-17,0,0.18895496024527814,0,0,0
Andhra Pradesh,Guntur,2026,1,518,69,-449,0,0.22019163079375736,0,0,0
Andhra Pradesh,Hyderabad,2026,1,148,12,-136,0,0.2028541841146343,0,0,0
Andhra Pradesh,K.V.Rangareddy,2026,1,0,-1,-1,0,0.20801393255783773,0,0,0
Andhra Pradesh,K.v. Rangareddy,2026,1,-1,0,1,0,0.22023305520082254,0,0,0
Andhra Pradesh,Kakinada,2026,1,34,-1,-35,0,0.1433579208863962,0,0,0
Andhra Pradesh,Karim Nagar,2026,1,-1,0,1,0,0.22023305520082254,0,0,0
Andhra Pradesh,Karimnagar,2026,1,22,-1,-23,0,0.16569969172171367,0,0,0
Andhra Pradesh,Khammam,2026,1,46,14,-32,0,0.22783882461834054,0,0,0
Andhra Pradesh,Krishna,2026,1,462,46,-416,0,0.21190636585434014,0,0,0
Andhra Pradesh,Kurnool,2026,1,704,48,-656,0,0.19866379239385307,0,0,0
Andhra Pradesh,Mahabub Nagar,2026,1,-1,-1,0,0,0.22545250740149558,0,0,0
Andhra Pradesh,Mahabubnagar,2026,1,0,0,0,0,0.22883769135250992,0,0,0
Andhra Pradesh,Mahbubnagar,2026,1,-1,-1,0,0,0.22509819554917515,0,0,0
Andhra Pradesh,Medak,2026,1,33,-1,-34,0,0.14450214558816016,0,0,0
Andhra Pradesh,N. T. R,2026,1,30,-1,-31,0,0.15645945642071202,0,0,0
Andhra Pradesh,Nalgonda,2026,1,55,-1,-56,0,0.09699269512968806,0,0,0
Andhra Pradesh,Nandyal,2026,1,25,11,-14,0,0.22460814645652277,0,0,0
Andhra Pradesh,Nellore,2026,1,356,28,-328,0,0.19469671757716384,0,0,0
Andhra Pradesh,Nizamabad,2026,1,35,0,-35,0,0.22859510420454138,0,0,0
Andhra Pradesh,Palnadu,2026,1,13,-1,-14,0,0.19408901846760995,0,0,0
Andhra Pradesh,Parvathipuram Manyam,2026,1,14,-1,-15,0,0.18851085639737397,0,0,0
Andhra Pradesh,Prakasam,2026,1,421,65,-356,0,0.21944682936309723,0,0,0
Andhra Pradesh,Rangareddi,2026,1,80,14,-66,0,0.21927738662054475,0,0,0
Andhra Pradesh,Spsr Nellore,2025,27,0,0,0,0,0.15470320970690182,0,0,0
Andhra Pradesh,Sri Potti Sriramulu Nellore,2026,1,26,11,-15,0,0.22482281210846827,0,0,0
Andhra Pradesh,Sri Sathya Sai,2026,1,-1,10,11,0,0.21529602268924425,0,0,0
Andhra Pradesh,Srikakulam,2026,1,250,42,-208,0,0.22461313380581088,0,0,0
Andhra Pradesh,Tirupati,2026,1,30,-1,-31,0,0.15531510112653485,0,0,0
Andhra Pradesh,Visakhapatanam,2025,22,0,0,0,0,0.22345406729526995,0,0,0
Andhra Pradesh,Visakhapatnam,2026,1,510,71,-439,0,0.2178883677723985,0,0,0
Andhra Pradesh,Vizianagaram,2026,1,313,36,-277,0,0.21753054826633922,0,0,0
Andhra Pradesh,Warangal,2026,1,47,11,-36,0,0.2269446914058435,0,0,0
Andhra Pradesh,West Godavari,2026,1,407,57,-350,0,0.21798194231875972,0,0,0
Andhra Pradesh,Y. S. R,2026,1,21,-1,-22,0,0.17029077805846682,0,0,0
Arunachal Pradesh,Anjaw,2026,1,-1,-1,0,0,0.22286655814751705,0,0,0
Arunachal Pradesh,Changlang,2026,1,28,-1,-29,0,0.16171218179458602,0,0,0
Arunachal Pradesh,Dibang Valley,2026,1,0,0,0,0,0.22883769135250992,0,0,0
Arunachal Pradesh,East Kameng,2026,1,10,-1,-11,0,0.1978167547106746,0,0,0
Arunachal Pradesh,East Siang,2026,1,-1,-1,0,0,0.22509819554917515,0,0,0
Arunachal Pradesh,Kamle,2026,1,-1,0,1,0,0.22023305520082254,0,0,0
Arunachal Pradesh,Kra Daadi,2026,1,-1,0,1,0,0.22194383929593559,0,0,0
Arunachal Pradesh,Kurung Kumey,2026,1,0,-1,-1,0,0.20801393255783773,0,0,0
Arunachal Pradesh,Leparada,2025,52,0,-1,-1,0,0.20801393255783773,0,0,0
Arunachal Pradesh,Lohit,2026,1,13,-1,-14,0,0.19408901846760995,0,0,0
Arunachal Pradesh,Longding,2026,1,-1,-1,0,0,0.22286655814751705,0,0,0
Arunachal Pradesh,Lower Dibang Valley,2026,1,-1,0,1,0,0.22194383929593559,0,0,0
Arunachal Pradesh,Lower Siang,2026,1,-1,-1,0,0,0.22509819554917515,0,0,0
Arunachal Pradesh,Lower Subansiri,2026,1,11,-1,-12,0,0.1941956757152688,0,0,0
Arunachal Pradesh,Namsai,2026,1,21,0,-21,0,0.22800893370929293,0,0,0
Arunachal Pradesh,Pakke Kessang,2026,1,0,0,0,0,0.22883769135250992,0,0,0
Arunachal Pradesh,Papum Pare,2026,1,30,-1,-31,0,0.15645945642071202,0,0,0
Arunachal Pradesh,Shi-yomi,2026,1,0,0,0,0,0.22977775205298745,0,0,0
Arunachal Pradesh,Siang,2026,1,-1,-1,0,0,0.22286655814751705,0,0,0
Arunachal Pradesh,Tawang,2026,1,51,-1,-52,0,0.11464030379228796,0,0,0
Arunachal Pradesh,Tirap,2026,1,11,-1,-12,0,0.1941956757152688,0,0,0
Arunachal Pradesh,Upper Siang,2026,1,-1,-1,0,0,0.22509819554917515,0,0,0
Arunachal Pradesh,Upper Subansiri,2026,1,-1,-1,0,0,0.22509819554917515,0,0,0
Arunachal Pradesh,West Kameng,2026,1,94,0,-94,0,0.2216061748146067,0,0,0
Arunachal Pradesh,West Siang,2026,1,-1,-1,0,0,0.22509819554917515,0,0,0
Assam,Bajali,2026,1,0,0,0,0,0.22883769135250992,0,0,0
Assam,Baksa,2026,1,64,12,-52,0,0.21939572313909267,0,0,0
Assam,Barpeta,2026,1,191,50,-141,0,0.21342252040527654,0,0,0
Assam,Biswanath,2026,1,29,-1,-30,0,0.15924218343939117,0,0,0
Assam,Bongaigaon,2026,1,105,26,-79,0,0.22068090752242614,0,0,0
Assam,Cachar,2026,1,250,36,-214,0,0.20629053792779473,0,0,0
Assam,Charaideo,2026,1,25,-1,-26,0,0.1595879179902513,0,0,0
Assam,Chirang,2026,1,61,17,-44,0,0.22144250779803804,0,0,0
Assam,Darrang,2026,1,167,28,-139,0,0.21375329775297724,0,0,0
Assam,Dhemaji,2026,1,66,28,-38,0,0.21791891086474297,0,0,0
Assam,Dhubri,2026,1,296,65,-231,0,0.2039412762323245,0,0,0
Assam,Dibrugarh,2026,1,77,11,-66,0,0.21414095334223204,0,0,0
Assam,Dima Hasao,2026,1,0,0,0,0,0.22883769135250992,0,0,0
Assam,Goalpara,2026,1,201,22,-179,0,0.20679772743689578,0,0,0
Assam,Golaghat,2026,1,175,10,-165,0,0.18315407929096722,0,0,0
Assam,Hailakandi,2026,1,125,20,-105,0,0.21064482964031672,0,0,0
Assam,Hojai,2026,1,103,40,-63,0,0.22059406998427045,0,0,0
Assam,Jorhat,2026,1,79,11,-68,0,0.21133700544470013,0,0,0
Assam,Kamrup,2026,1,145,25,-120,0,0.2171611307983462,0,0,0
Assam,Kamrup Metro,2026,1,57,16,-41,0,0.22387129575765308,0,0,0
Assam,Karbi Anglong,2026,1,83,12,-71,0,0.20780975358051185,0,0,0
Assam,Karimganj,2026,1,231,40,-191,0,0.18519286280527603,0,0,0
Assam,Kokrajhar,2026,1,76,10,-66,0,0.2097733106185446,0,0,0
Assam,Lakhimpur,2026,1,83,30,-53,0,0.21808212839870628,0,0,0
Assam,Majuli,2026,1,11,-1,-12,0,0.19668966371309055,0,0,0
Assam,Marigaon,2026,1,123,60,-63,0,0.21442546501834425,0,0,0
Assam,Nagaon,2026,1,405,56,-349,0,0.19704882693902953,0,0,0
Assam,Nalbari,2026,1,48,-1,-49,0,0.12020445368519739,0,0,0
Assam,North Cachar Hills,2026,1,26,-1,-27,0,0.16194548974311745,0,0,0
Assam,Sibsagar,2026,1,98,12,-86,0,0.21765167150903814,0,0,0
Assam,Sivasagar,2025,27,0,0,0,0,0.21607188913796715,0,0,0
Assam,Sonitpur,2026,1,88,29,-59,0,0.1943886128459622,0,0,0
Assam,South Salmara Mankachar,2026,1,18,-1,-19,0,0.18480448689102186,0,0,0
Assam,Sribhumi,2026,1,0,-1,-1,0,0.20801393255783773,0,0,0
Assam,Tamulpur District,2026,1,0,0,0,0,0.22883769135250992,0,0,0
Assam,Tinsukia,2026,1,86,45,-41,0,0.21871198239978573,0,0,0
Assam,Udalguri,2026,1,99,19,-80,0,0.21257970814821836,0,0,0
Assam,West Karbi Anglong,2026,1,-1,-1,0,0,0.22509819554917515,0,0,0
BALANAGAR,IDPL COLONY,2025,50,0,0,0,0,0.22883769135250992,0,0,0
Bihar,Araria,2026,1,449,98,-351,0,0.15743023142110035,0,0,0
Bihar,Arwal,2026,1,52,23,-29,0,0.19242296790660468,0,0,0
Bihar,Aurangabad,2026,1,281,70,-211,0,0.11115832292300598,0,0,0
Bihar,Aurangabad(BH),2026,1,0,0,0,0,0.22883769135250992,0,0,0
Bihar,Aurangabad(bh),2026,1,-1,0,1,0,0.22194383929593559,0,0,0
Bihar,Banka,2026,1,285,63,-222,0,0.1496821143316186,0,0,0
Bihar,Begusarai,2026,1,347,74,-273,0,0.14662050218379524,0,0,0
Bihar,Bhabua,2026,1,0,0,0,0,0.22977775205298745,0,0,0
Bihar,Bhagalpur,2026,1,336,71,-265,0,0.15373639327933508,0,0,0
Bihar,Bhojpur,2026,1,227,32,-195,0,0.0571568019462807,0,0,0
Bihar,Buxar,2026,1,111,56,-55,0,0.15467950260495628,0,0,0
Bihar,Darbhanga,2026,1,550,83,-467,0,0.16667542672227093,0,0,0
Bihar,East Champaran,2026,1,574,148,-426,0,0.057455532194408354,0,0,0
Bihar,Gaya,2026,1,396,89,-307,0,0.06877442805136119,0,0,0
Bihar,Gopalganj,2026,1,232,61,-171,0,0.1323764064748696,0,0,0
Bihar,Jamui,2026,1,538,16,-522,0,0.07173521710042569,0,0,0
Bihar,Jehanabad,2026,1,68,12,-56,0,0.16029928184531755,0,0,0
Bihar,Kaimur (Bhabua),2026,1,145,14,-131,0,0.16947139870975825,0,0,0
Bihar,Katihar,2026,1,787,58,-729,0,0.1446805282341253,0,0,0
Bihar,Khagaria,2026,1,417,60,-357,0,0.17138823045377205,0,0,0
Bihar,Kishanganj,2026,1,873,28,-845,0,0.12309160459685337,0,0,0
Bihar,Lakhisarai,2026,1,109,17,-92,0,0.19071563371656425,0,0,0
Bihar,Madhepura,2026,1,302,46,-256,0,0.12264959429802519,0,0,0
Bihar,Madhubani,2026,1,940,91,-849,0,0.08814209562197167,0,0,0
Bihar,Monghyr,2026,1,0,0,0,0,0.22977775205298745,0,0,0
Bihar,Munger,2026,1,89,21,-68,0,0.17292917961593401,0,0,0
Bihar,Muzaffarpur,2026,1,398,130,-268,0,0.10893693616831646,0,0,0
Bihar,Nalanda,2026,1,506,66,-440,0,0.10734521207989633,0,0,0
Bihar,Nawada,2026,1,192,44,-148,0,0.12456785817880273,0,0,0
Bihar,Pashchim Champaran,2026,1,0,-1,-1,0,0.20801393255783773,0,0,0
Bihar,Patna,2026,1,436,117,-319,0,0.06742977178385506,0,0,0
Bihar,Purba Champaran,2026,1,0,0,0,0,0.22977775205298745,0,0,0
Bihar,Purbi Champaran,2025,27,0,0,0,1,-0.061087656421951686,0,0,1
Bihar,Purnea,2026,1,-1,0,1,0,0.22023305520082254,0,0,0
Bihar,Purnia,2026,1,479,57,-422,0,0.11980571798179768,0,0,0
Bihar,Rohtas,2026,1,270,57,-213,0,0.13753032679885602,0,0,0
Bihar,Saharsa,2026,1,177,35,-142,0,0.13038787677858954,0,0,0
Bihar,Samastipur,2026,1,428,94,-334,0,0.10032158784150313,0,0,0
Bihar,Samstipur,2026,1,0,0,0,0,0.22977775205298745,0,0,0
Bihar,Saran,2026,1,383,73,-310,0,0.057364575555798325,0,0,0
Bihar,Sheikhpura,2026,1,83,-1,-84,0,0.014666006647278462,0,0,0
Bihar,Sheikpura,2026,1,0,0,0,0,0.22977775205298745,0,0,0
Bihar,Sheohar,2026,1,82,12,-70,0,0.18144159424145806,0,0,0
Bihar,Sitamarhi,2026,1,640,88,-552,0,0.1261750276101633,0,0,0
Bihar,Siwan,2026,1,420,83,-337,0,0.12765040904138847,0,0,0
Bihar,Supaul,2026,1,372,59,-313,0,0.1475603724822474,0,0,0
Bihar,Vaishali,2026,1,490,76,-414,0,0.09568771201547949,0,0,0
Bihar,West Champaran,2026,1,721,115,-606,0,0.07963263132147463,0,0,0
Chandigarh,Chandigarh,2026,1,97,-1,-98,0,0.022183975294332692,0,0,0
Chandigarh,Mohali,2025,52,0,0,0,0,0.22883769135250992,0,0,0
Chandigarh,Rupnagar,2025,52,0,0,0,0,0.22883769135250992,0,0,0
Chhatisgarh,Raipur,2025,50,0,0,0,0,0.22883769135250992,0,0,0
Chhattisgarh,Balod,2026,1,345,18,-327,0,0.1837347784053609,0,0,0
Chhattisgarh,Baloda Bazar,2026,1,613,23,-590,0,0.16079591315154562,0,0,0
Chhattisgarh,Balrampur,2026,1,428,29,-399,0,0.18819191574390776,0,0,0
Chhattisgarh,Bastar,2026,1,373,20,-353,0,0.13398527172322244,0,0,0
Chhattisgarh,Bemetara,2026,1,479,11,-468,0,0.11824285292436088,0,0,0
Chhattisgarh,Bijapur,2026,1,143,11,-132,0,0.1819746780134418,0,0,0
Chhattisgarh,Bilaspur,2026,1,745,116,-629,0,0.21361855843096955,0,0,0
Chhattisgarh,Dakshin Bastar Dantewada,2026,1,97,-1,-98,0,0.018892580603375175,0,0,0
Chhattisgarh,Dantewada,2026,1,40,-1,-41,0,0.13798910660427594,0,0,0
Chhattisgarh,Dhamtari,2026,1,280,-1,-281,1,-0.039664741280354576,0,0,1
Chhattisgarh,Durg,2026,1,512,34,-478,0,0.19922761973978487,0,0,0
Chhattisgarh,Gariyaband,2026,1,231,-1,-232,1,-0.050355521452216,0,0,1
Chhattisgarh,Gaurela-pendra-marwahi,2026,1,10,-1,-11,0,0.1978167547106746,0,0,0
Chhattisgarh,Gaurella Pendra Marwahi,2025,27,0,0,0,0,0.2049111186107977,0,0,0
Chhattisgarh,Janjgir - Champa,2026,1,0,0,0,0,0.22977775205298745,0,0,0
Chhattisgarh,Janjgir Champa,2026,1,-1,0,1,0,0.22023305520082254,0,0,0
Chhattisgarh,Janjgir-champa,2026,1,666,28,-638,0,0.17235076351152895,0,0,0
Chhattisgarh,Jashpur,2026,1,287,68,-219,0,0.21266216557552248,0,0,0
Chhattisgarh,Kabeerdham,2026,1,215,-1,-216,1,-0.03493098571318631,0,0,1
Chhattisgarh,Kanker,2026,1,215,10,-205,0,0.17885707117737265,0,0,0
Chhattisgarh,Kawardha,2026,1,280,41,-239,0,0.2237131877325778,0,0,0
Chhattisgarh,Khairagarh Chhuikhadan Gandai,2026,1,0,-1,-1,0,0.20801393255783773,0,0,0
Chhattisgarh,Kondagaon,2026,1,248,29,-219,0,0.17929649604254033,0,0,0
Chhattisgarh,Korba,2026,1,361,29,-332,0,0.20103992546243976,0,0,0
Chhattisgarh,Koriya,2026,1,268,29,-239,0,0.21338455101179477,0,0,0
Chhattisgarh,Mahasamund,2026,1,400,14,-386,0,0.1588531439435773,0,0,0
Chhattisgarh,ManendragarhChirmiriBharatpur,2025,27,10,0,-10,0,0.22800893370929293,0,0,0
Chhattisgarh,Manendragarh–Chirmiri–Bharatpur,2026,1,-1,0,1,0,0.22194383929593559,0,0,0
Chhattisgarh,Mohalla-Manpur-Ambagarh Chowki,2026,1,0,-1,-1,0,0.2072175282209182,0,0,0
Chhattisgarh,Mohla-Manpur-Ambagarh Chouki,2026,1,12,41,29,0,0.2240657611147986,0,0,0
Chhattisgarh,Mungeli,2026,1,376,23,-353,0,0.1971904325870638,0,0,0
Chhattisgarh,Narayanpur,2026,1,97,10,-87,0,0.20839709036607545,0,0,0
Chhattisgarh,Raigarh,2026,1,422,28,-394,0,0.1999495217682728,0,0,0
Chhattisgarh,Raipur,2026,1,926,71,-855,0,0.19983351924946263,0,0,0
Chhattisgarh,Rajnandgaon,2026,1,582,121,-461,0,0.22218690425251209,0,0,0
Chhattisgarh,Sakti,2026,1,-1,-1,0,0,0.22509819554917515,0,0,0
Chhattisgarh,Sarangarh-Bilaigarh,2026,1,-1,36,37,0,0.2127738232548091,0,0,0
Chhattisgarh,Sukma,2026,1,138,10,-128,0,0.186648083524957,0,0,0
Chhattisgarh,Surajpur,2026,1,315,26,-289,0,0.1980329544770414,0,0,0
Chhattisgarh,Surguja,2026,1,492,53,-439,0,0.20694781017456387,0,0,0
Chhattisgarh,Uttar Bastar Kanker,2026,1,57,-1,-58,0,0.09699269512968806,0,0,0
Dadra & Nagar Haveli,Dadra & Nagar Haveli,2026,1,0,0,0,0,0.22883769135250992,0,0,0
Dadra and Nagar Haveli,Dadra and Nagar Haveli,2026,1,24,-1,-25,0,0.1634633004855967,0,0,0
Dadra and Nagar Haveli and Daman and Diu,Dadra and Nagar Haveli,2026,1,-1,0,1,0,0.22023305520082254,0,0,0
Dadra and Nagar Haveli and Daman and Diu,Daman,2026,1,0,-1,-1,0,0.2072175282209182,0,0,0
Dadra and Nagar Haveli and Daman and Diu,Diu,2026,1,0,0,0,0,0.22883769135250992,0,0,0
Daman & Diu,Daman,2026,1,-1,0,1,0,0.22023305520082254,0,0,0
Daman & Diu,Diu,2026,1,0,0,0,0,0.22883769135250992,0,0,0
Daman and Diu,Daman,2026,1,-1,-1,0,0,0.22509819554917515,0,0,0
Daman and Diu,Diu,2026,1,-1,0,1,0,0.22023305520082254,0,0,0
Darbhanga,Near University Thana,2025,51,0,0,0,0,0.22883769135250992,0,0,0
Delhi,Central Delhi,2026,1,98,-1,-99,0,0.015699586086023842,0,0,0
Delhi,East Delhi,2026,1,287,37,-250,0,0.21420778032000531,0,0,0
Delhi,Najafgarh,2026,1,0,0,0,0,0.22883769135250992,0,0,0
Delhi,New Delhi,2026,1,13,0,-13,0,0.22874149850272618,0,0,0
Delhi,North Delhi,2026,1,122,34,-88,0,0.2157347796894491,0,0,0
Delhi,North East,2026,1,10,0,-10,0,0.22350203370959743,0,0,0
Delhi,North East Delhi,2026,1,377,33,-344,0,0.1913773323215503,0,0,0
Delhi,North West Delhi,2026,1,549,75,-474,0,0.20882271953474635,0,0,0
Delhi,Shahdara,2026,1,-1,0,1,0,0.2230616474578473,0,0,0
Delhi,South Delhi,2026,1,333,43,-290,0,0.20668795570970067,0,0,0
Delhi,South East Delhi,2026,1,-1,0,1,0,0.22194383929593559,0,0,0
Delhi,South West Delhi,2026,1,267,35,-232,0,0.21468223254736185,0,0,0
Delhi,West Delhi,2026,1,271,53,-218,0,0.21053477830461975,0,0,0
Goa,Bardez,2025,52,0,0,0,0,0.22883769135250992,0,0,0
Goa,Bicholim,2025,52,0,0,0,0,0.22883769135250992,0,0,0
Goa,North Goa,2026,1,132,-1,-133,1,-0.0038678039022956856,0,0,1
Goa,South Goa,2026,1,138,-1,-139,1,-0.011489038782171113,0,0,1
Goa,Tiswadi,2025,50,0,0,0,0,0.22883769135250992,0,0,0
Gujarat,Ahmadabad,2026,1,-1,-1,0,0,0.2257348953727979,0,0,0
Gujarat,Ahmedabad,2026,1,480,206,-274,0,0.1681572978819421,0,0,0
Gujarat,Amreli,2026,1,92,14,-78,0,0.2160513887740902,0,0,0
Gujarat,Anand,2026,1,112,17,-95,0,0.2121294601423831,0,0,0
Gujarat,Arvalli,2026,1,61,-1,-62,0,0.08412753663551387,0,0,0
Gujarat,Banas Kantha,2026,1,-1,-1,0,0,0.22286655814751705,0,0,0
Gujarat,Banaskantha,2026,1,277,69,-208,0,0.19167288177862563,0,0,0
Gujarat,Bharuch,2026,1,115,35,-80,0,0.21883828995510196,0,0,0
Gujarat,Bhavnagar,2026,1,160,33,-127,0,0.215853531543864,0,0,0
Gujarat,Botad,2026,1,31,11,-20,0,0.22460814645652277,0,0,0
Gujarat,Chhotaudepur,2026,1,36,16,-20,0,0.22720662596194502,0,0,0
Gujarat,Dahod,2026,1,167,16,-151,0,0.19382980107249986,0,0,0
Gujarat,Dang,2025,27,0,0,0,0,0.20382771441566905,0,0,0
Gujarat,Devbhumi Dwarka,2026,1,60,-1,-61,0,0.08320888846071828,0,0,0
Gujarat,Dohad,2026,1,-1,-1,0,0,0.2257348953727979,0,0,0
Gujarat,Gandhinagar,2026,1,77,28,-49,0,0.21602700232923672,0,0,0
Gujarat,Gir Somnath,2026,1,108,-1,-109,0,0.006308935210799449,0,0,0
Gujarat,Jamnagar,2026,1,112,34,-78,0,0.2214331797280496,0,0,0
Gujarat,Junagadh,2026,1,160,46,-114,0,0.22041072572669762,0,0,0
Gujarat,Kachchh,2026,1,191,33,-158,0,0.2144756859534525,0,0,0
Gujarat,Kheda,2026,1,149,30,-119,0,0.21798797580961266,0,0,0
Gujarat,Mahesana,2026,1,127,46,-81,0,0.2160956472525975,0,0,0
Gujarat,Mahisagar,2026,1,68,-1,-69,0,0.06644367456687406,0,0,0
Gujarat,Morbi,2026,1,47,-1,-48,0,0.12805932235396927,0,0,0
Gujarat,Narmada,2026,1,28,11,-17,0,0.22460814645652277,0,0,0
Gujarat,Navsari,2026,1,45,21,-24,0,0.22545757206886563,0,0,0
Gujarat,Panch Mahals,2026,1,-1,0,1,0,0.22194383929593559,0,0,0
Gujarat,Panchmahals,2026,1,162,23,-139,0,0.2152263288645413,0,0,0
Gujarat,Patan,2026,1,66,15,-51,0,0.21857699384475093,0,0,0
Gujarat,Porbandar,2026,1,44,-1,-45,0,0.13151319235337305,0,0,0
Gujarat,Rajkot,2026,1,194,52,-142,0,0.21289660820216982,0,0,0
Gujarat,Sabar Kantha,2026,1,0,0,0,0,0.22977775205298745,0,0,0
Gujarat,Sabarkantha,2026,1,95,34,-61,0,0.2183417950777395,0,0,0
Gujarat,Surat,2026,1,368,116,-252,0,0.17560312308500703,0,0,0
Gujarat,Surendra Nagar,2026,1,106,10,-96,0,0.1988850290663433,0,0,0
Gujarat,Surendranagar,2026,1,-1,0,1,0,0.22194383929593559,0,0,0
Gujarat,Tapi,2026,1,64,14,-50,0,0.22529278917434192,0,0,0
Gujarat,The Dangs,2026,1,24,-1,-25,0,0.1634633004855967,0,0,0
Gujarat,Vadodara,2026,1,313,44,-269,0,0.21288135355588766,0,0,0
Gujarat,Valsad,2026,1,115,27,-88,0,0.21710969140689762,0,0,0
Haryana,Akhera,2025,45,0,0,0,0,0.22883769135250992,0,0,0
Haryana,Ambala,2026,1,115,-1,-116,0,0.011883072679914397,0,0,0
Haryana,Bhiwani,2026,1,145,12,-133,0,0.20457934324225285,0,0,0
Haryana,Charkhi Dadri,2026,1,22,11,-11,0,0.22424342462891145,0,0,0
Haryana,Faridabad,2026,1,291,-1,-292,1,-0.05227559444499852,0,0,1
Haryana,Fatehabad,2026,1,83,10,-73,0,0.21242391003963046,0,0,0
Haryana,Gurgaon,2026,1,258,27,-231,0,0.21000224622633024,0,0,0
Haryana,Gurugram,2025,27,0,0,0,0,0.12578531902841217,0,0,0
Haryana,Hisar,2026,1,159,10,-149,0,0.19621945138896035,0,0,0
Haryana,Jhajjar,2026,1,111,0,-111,0,0.22232569576381733,0,0,0
Haryana,Jind,2026,1,199,12,-187,0,0.19571340571812096,0,0,0
Haryana,Kaithal,2026,1,142,10,-132,0,0.19802762397432022,0,0,0
Haryana,Karnal,2026,1,176,15,-161,0,0.20427235475099537,0,0,0
Haryana,Kurukshetra,2026,1,75,-1,-76,0,0.044874063702889044,0,0,0
Haryana,Mahendragarh,2026,1,161,-1,-162,1,-0.02856708283870879,0,0,1
Haryana,Mewat,2026,1,190,29,-161,0,0.21514292064276874,0,0,0
Haryana,Nuh,2025,22,0,0,0,0,0.16232212806684448,0,0,0
Haryana,Palwal,2026,1,164,15,-149,0,0.2027177878771711,0,0,0
Haryana,Panchkula,2026,1,65,-1,-66,0,0.0756952009991409,0,0,0
Haryana,Panipat,2026,1,126,-1,-127,1,-0.002839819265889054,0,0,1
Haryana,Rewari,2026,1,99,-1,-100,0,0.021523127651409957,0,0,0
Haryana,Rohtak,2026,1,96,11,-85,0,0.2157005404826105,0,0,0
Haryana,Sirsa,2026,1,128,14,-114,0,0.2113088809470095,0,0,0
Haryana,Sonipat,2026,1,151,-1,-152,1,-0.02363380190947595,0,0,1
Haryana,Yamuna Nagar,2026,1,189,11,-178,0,0.19571340571812096,0,0,0
Haryana,Yamunanagar,2026,1,0,0,0,0,0.22977775205298745,0,0,0
Himachal Pradesh,Bilaspur,2026,1,27,-1,-28,0,0.16116376044054365,0,0,0
Himachal Pradesh,Chamba,2026,1,53,-1,-54,0,0.10981536051185942,0,0,0
Himachal Pradesh,Hamirpur,2026,1,52,-1,-53,0,0.11346064837053749,0,0,0
Himachal Pradesh,Kangra,2026,1,225,12,-213,0,0.18432096744607174,0,0,0
Himachal Pradesh,Kinnaur,2026,1,-1,0,1,0,0.22194383929593559,0,0,0
Himachal Pradesh,Kullu,2026,1,52,-1,-53,0,0.11346064837053749,0,0,0
Himachal Pradesh,Lahaul and Spiti,2026,1,0,0,0,0,0.22883769135250992,0,0,0
Himachal Pradesh,Lahul & Spiti,2026,1,0,-1,-1,0,0.20801393255783773,0,0,0
Himachal Pradesh,Lahul and Spiti,2026,1,-1,0,1,0,0.22023305520082254,0,0,0
Himachal Pradesh,Mandi,2026,1,78,-1,-79,0,0.02648707286797458,0,0,0
Himachal Pradesh,Shimla,2026,1,72,12,-60,0,0.22175934610602888,0,0,0
Himachal Pradesh,Sirmaur,2026,1,36,-1,-37,0,0.137221382924208,0,0,0
Himachal Pradesh,Solan,2026,1,67,-1,-68,0,0.07492150226758826,0,0,0
Himachal Pradesh,Una,2026,1,64,-1,-65,0,0.0753628654812456,0,0,0
Jaipur,Near meera hospital,2025,52,0,0,0,0,0.22883769135250992,0,0,0
Jammu & Kashmir,Anantnag,2025,52,0,0,0,0,0.22883769135250992,0,0,0
Jammu & Kashmir,Badgam,2025,52,-1,0,1,0,0.22023305520082254,0,0,0
Jammu & Kashmir,Bandipur,2025,52,0,0,0,0,0.22883769135250992,0,0,0
Jammu & Kashmir,Baramula,2026,1,0,0,0,0,0.22883769135250992,0,0,0
Jammu & Kashmir,Doda,2025,50,0,0,0,0,0.22883769135250992,0,0,0
Jammu & Kashmir,Jammu,2026,1,0,0,0,0,0.22883769135250992,0,0,0
Jammu & Kashmir,Kargil,2025,52,0,0,0,0,0.22883769135250992,0,0,0
Jammu & Kashmir,Kathua,2026,1,0,0,0,0,0.22883769135250992,0,0,0
Jammu & Kashmir,Kupwara,2025,52,0,0,0,0,0.22883769135250992,0,0,0
Jammu & Kashmir,Leh (ladakh),2025,52,0,0,0,0,0.22883769135250992,0,0,0
Jammu & Kashmir,Pulwama,2025,52,0,0,0,0,0.22883769135250992,0,0,0
Jammu & Kashmir,Punch,2025,51,0,0,0,0,0.22883769135250992,0,0,0
Jammu & Kashmir,Rajauri,2026,1,0,0,0,0,0.22883769135250992,0,0,0
Jammu & Kashmir,Srinagar,2026,1,0,0,0,0,0.22883769135250992,0,0,0
Jammu & Kashmir,Udhampur,2025,52,0,0,0,0,0.22883769135250992,0,0,0
Jammu And Kashmir,Doda,2025,27,0,0,0,0,0.15728991678335302,0,0,0
Jammu And Kashmir,Shopian,2025,27,0,0,0,0,0.2124890334446402,0,0,0
Jammu and Kashmir,?,2025,47,0,0,0,0,0.22883769135250992,0,0,0
Jammu and Kashmir,Anantnag,2026,1,585,46,-539,0,0.2007522156714469,0,0,0
Jammu and Kashmir,Badgam,2026,1,26,18,-8,0,0.22429588316126642,0,0,0
Jammu and Kashmir,Bandipore,2026,1,187,0,-187,0,0.21884252815248784,0,0,0
Jammu and Kashmir,Bandipur,2025,49,0,0,0,0,0.22883769135250992,0,0,0
Jammu and Kashmir,Baramula,2026,1,198,27,-171,0,0.21531220048847483,0,0,0
Jammu and Kashmir,Budgam,2026,1,105,-1,-106,0,0.016188946894578282,0,0,0
Jammu and Kashmir,Doda,2026,1,106,-1,-107,0,0.00993183816505605,0,0,0
Jammu and Kashmir,Ganderbal,2026,1,143,10,-133,0,0.20025351068218517,0,0,0
Jammu and Kashmir,Jammu,2026,1,214,-1,-215,1,-0.039931434102377095,0,0,1
Jammu and Kashmir,Kargil,2026,1,10,-1,-11,0,0.1978167547106746,0,0,0
Jammu and Kashmir,Kathua,2026,1,145,-1,-146,1,-0.03220090097687911,0,0,1
Jammu and Kashmir,Kishtwar,2026,1,89,0,-89,0,0.2208893550409614,0,0,0
Jammu and Kashmir,Kulgam,2026,1,152,0,-152,0,0.22203802849680354,0,0,0
Jammu and Kashmir,Kupwara,2026,1,195,32,-163,0,0.21411133284127887,0,0,0
Jammu and Kashmir,Leh,2026,1,10,-1,-11,0,0.1978167547106746,0,0,0
Jammu and Kashmir,Poonch,2025,52,-1,0,1,0,0.22023305520082254,0,0,0
Jammu and Kashmir,Pulwama,2026,1,110,-1,-111,0,0.014878139813896518,0,0,0
Jammu and Kashmir,Punch,2026,1,190,20,-170,0,0.20703179080212913,0,0,0
Jammu and Kashmir,Rajouri,2026,1,184,17,-167,0,0.20246481407179384,0,0,0
Jammu and Kashmir,Ramban,2026,1,63,-1,-64,0,0.0666079527499932,0,0,0
Jammu and Kashmir,Reasi,2026,1,52,0,-52,0,0.22268718955274958,0,0,0
Jammu and Kashmir,Samba,2026,1,37,0,-37,0,0.22859510420454138,0,0,0
Jammu and Kashmir,Shupiyan,2026,1,43,18,-25,0,0.22550944665524603,0,0,0
Jammu and Kashmir,Srinagar,2026,1,300,-1,-301,1,-0.043665536527775384,0,0,1
Jammu and Kashmir,Udhampur,2026,1,122,-1,-123,1,-0.001237701856076967,0,0,1
Jammu and Kashmir,punch,2025,47,0,0,0,0,0.22883769135250992,0,0,0
Jammu and Kashmir,udhampur,2025,38,0,0,0,0,0.22883769135250992,0,0,0
Jharkhand,Bokaro,2026,1,228,23,-205,0,0.17483407393791256,0,0,0
Jharkhand,Chatra,2026,1,93,-1,-94,1,-0.00521525091688535,0,0,1
Jharkhand,Deoghar,2026,1,154,36,-118,0,0.16779877733652787,0,0,0
Jharkhand,Dhanbad,2026,1,210,30,-180,0,0.18352398360483108,0,0,0
Jharkhand,Dumka,2026,1,113,-1,-114,1,-0.01855880265003451,0,0,1
Jharkhand,East Singhbhum,2026,1,211,18,-193,0,0.16692830020919153,0,0,0
Jharkhand,East Singhbum,2025,27,0,0,0,0,0.10071922114944243,0,0,0
Jharkhand,Garhwa,2026,1,182,0,-182,0,0.20090685642032857,0,0,0
Jharkhand,Giridih,2026,1,221,84,-137,0,0.15454843731024914,0,0,0
Jharkhand,Godda,2026,1,161,12,-149,0,0.17590610037002707,0,0,0
Jharkhand,Gumla,2026,1,248,14,-234,0,0.16797959318711786,0,0,0
Jharkhand,Hazaribag,2026,1,-1,-1,0,0,0.22509819554917515,0,0,0
Jharkhand,Hazaribagh,2026,1,195,18,-177,0,0.18531948337609394,0,0,0
Jharkhand,Jamtara,2026,1,92,-1,-93,0,0.010879648030780342,0,0,0
Jharkhand,Khunti,2026,1,87,-1,-88,0,0.015210553899085322,0,0,0
Jharkhand,Kodarma,2026,1,-1,-1,0,0,0.22509819554917515,0,0,0
Jharkhand,Koderma,2026,1,90,-1,-91,0,0.01270457329818886,0,0,0
Jharkhand,Latehar,2026,1,77,22,-55,0,0.21268400255326353,0,0,0
Jharkhand,Lohardaga,2026,1,87,-1,-88,0,0.019342379390435704,0,0,0
Jharkhand,Pakaur,2026,1,-1,0,1,0,0.22194383929593559,0,0,0
Jharkhand,Pakur,2026,1,80,0,-80,0,0.2176121969413054,0,0,0
Jharkhand,Palamau,2026,1,-1,-1,0,0,0.22509819554917515,0,0,0
Jharkhand,Palamu,2026,1,262,49,-213,0,0.19321132238743643,0,0,0
Jharkhand,Pashchimi Singhbhum,2026,1,16,-1,-17,0,0.1875585911054936,0,0,0
Jharkhand,Purbi Singhbhum,2026,1,-1,0,1,0,0.22194383929593559,0,0,0
Jharkhand,Ramgarh,2026,1,67,11,-56,0,0.21363662812829015,0,0,0
Jharkhand,Ranchi,2026,1,312,31,-281,0,0.18331871913320724,0,0,0
Jharkhand,Sahebganj,2026,1,150,11,-139,0,0.16397023396264016,0,0,0
Jharkhand,Sahibganj,2026,1,-1,0,1,0,0.22194383929593559,0,0,0
Jharkhand,Seraikela-Kharsawan,2026,1,122,16,-106,0,0.21082271151083853,0,0,0
Jharkhand,Seraikela-kharsawan,2026,1,14,0,-14,0,0.2267115613972145,0,0,0
Jharkhand,Simdega,2026,1,115,14,-101,0,0.2134225784339721,0,0,0
Jharkhand,West Singhbhum,2026,1,180,31,-149,0,0.18745072817386849,0,0,0
Karnataka,Bagalkot,2026,1,216,18,-198,0,0.19823530892545316,0,0,0
Karnataka,Ballari,2026,1,149,-1,-150,1,-0.022436733956756716,0,0,1
Karnataka,Bangalore,2026,1,289,13,-276,0,0.15934980060881748,0,0,0
Karnataka,Belagavi,2026,1,631,25,-606,0,0.16228738613401716,0,0,0
Karnataka,Belgaum,2026,1,569,19,-550,0,0.1429337138835498,0,0,0
Karnataka,Bellary,2026,1,149,-1,-150,1,-0.022436733956756716,0,0,1
Karnataka,Bengaluru,2026,1,1510,48,-1462,0,0.07038623406653638,0,0,0
Karnataka,Bengaluru Rural,2026,1,163,12,-151,0,0.19695714150608873,0,0,0
Karnataka,Bengaluru South,2026,1,-1,-1,0,0,0.21793867548157025,0,0,0
Karnataka,Bengaluru Urban,2025,27,0,0,0,1,-0.047885488926648345,0,0,1
Karnataka,Bidar,2026,1,311,-1,-312,1,-0.04663247794551162,0,0,1
Karnataka,Bijapur,2026,1,172,10,-162,0,0.18993463514295827,0,0,0
Karnataka,Bijapur(KAR),2025,52,0,0,0,0,0.22883769135250992,0,0,0
Karnataka,Chamarajanagar,2026,1,-1,-1,0,0,0.22286655814751705,0,0,0
Karnataka,Chamrajanagar,2026,1,159,-1,-160,1,-0.02442077924978059,0,0,1
Karnataka,Chamrajnagar,2026,1,-1,0,1,0,0.22194383929593559,0,0,0
Karnataka,Chickmagalur,2026,1,32,-1,-33,0,0.14637149884543627,0,0,0
Karnataka,Chikkaballapur,2026,1,208,-1,-209,1,-0.04065873764789807,0,0,1
Karnataka,Chikkamagaluru,2026,1,52,0,-52,0,0.22772118951691595,0,0,0
Karnataka,Chikmagalur,2026,1,0,0,0,0,0.22977775205298745,0,0,0
Karnataka,Chitradurga,2026,1,283,16,-267,0,0.18248793048349493,0,0,0
Karnataka,Dakshina Kannada,2026,1,332,13,-319,0,0.16627038106702507,0,0,0
Karnataka,Davanagere,2026,1,-1,0,1,0,0.22194383929593559,0,0,0
Karnataka,Davangere,2026,1,223,14,-209,0,0.18947415165227244,0,0,0
Karnataka,Dharwad,2026,1,214,18,-196,0,0.20279781776482603,0,0,0
Karnataka,Gadag,2026,1,102,-1,-103,0,0.02004562849288183,0,0,0
Karnataka,Gulbarga,2026,1,171,-1,-172,1,-0.03528328605055231,0,0,1
Karnataka,Hasan,2026,1,13,-1,-14,0,0.19408901846760995,0,0,0
Karnataka,Hassan,2026,1,160,-1,-161,1,-0.037479356794939966,0,0,1
Karnataka,Haveri,2026,1,179,-1,-180,1,-0.027802652040452625,0,0,1
Karnataka,Kalaburagi,2026,1,330,16,-314,0,0.17419966109676344,0,0,0
Karnataka,Kodagu,2026,1,62,-1,-63,0,0.08018033880003633,0,0,0
Karnataka,Kolar,2026,1,193,14,-179,0,0.19728786900476197,0,0,0
Karnataka,Koppal,2026,1,279,12,-267,0,0.16835631320921812,0,0,0
Karnataka,Mandya,2026,1,276,10,-266,0,0.15843449613503152,0,0,0
Karnataka,Mysuru,2026,1,685,-1,-686,1,-0.04281602783193328,0,0,1
Karnataka,Raichur,2026,1,418,10,-408,0,0.08567117868251345,0,0,0
Karnataka,Ramanagar,2026,1,138,-1,-139,1,-0.011489038782171113,0,0,1
Karnataka,Ramanagara,2025,27,0,0,0,0,0.22708672100168287,0,0,0
Karnataka,Shimoga,2026,1,46,-1,-47,0,0.12915114629073526,0,0,0
Karnataka,Shivamogga,2026,1,132,-1,-133,1,-0.0038678039022956856,0,0,1
Karnataka,Tumakuru,2026,1,197,-1,-198,1,-0.02995043012747156,0,0,1
Karnataka,Tumkur,2026,1,133,-1,-134,1,-0.009562814953290033,0,0,1
Karnataka,Udupi,2026,1,216,-1,-217,1,-0.047805814349482945,0,0,1
Karnataka,Uttara Kannada,2026,1,208,-1,-209,1,-0.03487419846343143,0,0,1
Karnataka,Vijayanagara,2026,1,25,-1,-26,0,0.1595879179902513,0,0,0
Karnataka,Vijayapura,2026,1,366,10,-356,0,0.12832921480671894,0,0,0
Karnataka,Yadgir,2026,1,277,-1,-278,1,-0.05684417298753397,0,0,1
Karnataka,yadgir,2026,1,-1,0,1,0,0.22194383929593559,0,0,0
Kerala,Alappuzha,2026,1,602,-1,-603,1,-0.04893839039246828,0,0,1
Kerala,Ernakulam,2026,1,472,-1,-473,1,-0.05333511646464528,0,0,1
Kerala,Idukki,2026,1,182,-1,-183,1,-0.028694114779420632,0,0,1
Kerala,Kannur,2026,1,437,20,-417,0,0.14494858489054407,0,0,0
Kerala,Kasaragod,2026,1,231,-1,-232,1,-0.050270083122340825,0,0,1
Kerala,Kasargod,2026,1,-1,0,1,0,0.22194383929593559,0,0,0
Kerala,Kollam,2026,1,378,-1,-379,1,-0.06283947075875007,0,0,1
Kerala,Kottayam,2026,1,408,-1,-409,1,-0.04930313465418601,0,0,1
Kerala,Kozhikode,2026,1,426,17,-409,0,0.13293597884883912,0,0,0
Kerala,Malappuram,2026,1,601,29,-572,0,0.09050622559705951,0,0,0
Kerala,Palakkad,2026,1,432,11,-421,0,0.09831700207335176,0,0,0
Kerala,Pathanamthitta,2026,1,228,-1,-229,1,-0.044479538732651536,0,0,1
Kerala,Thiruvananthapuram,2026,1,554,25,-529,0,0.15784913724701488,0,0,0
Kerala,Thrissur,2026,1,426,21,-405,0,0.14870972120584064,0,0,0
Kerala,Wayanad,2026,1,102,-1,-103,0,0.01211421240560695,0,0,0
Ladakh,Kargil,2026,1,-1,-1,0,0,0.22509819554917515,0,0,0
Ladakh,Leh,2026,1,12,0,-12,0,0.22800893370929293,0,0,0
Lakshadweep,Lakshadweep,2026,1,13,-1,-14,0,0.19136127390022006,0,0,0
Madanapalle,Kadiri Road,2025,52,0,0,0,0,0.22883769135250992,0,0,0
Madhya Pradesh,Agar Malwa,2026,1,18,-1,-19,0,0.17753436061429823,0,0,0
Madhya Pradesh,Alirajpur,2026,1,149,-1,-150,1,-0.04619233558113378,0,0,1
Madhya Pradesh,Anuppur,2026,1,86,10,-76,0,0.20886607452461237,0,0,0
Madhya Pradesh,Ashok Nagar,2026,1,119,10,-109,0,0.1892013001032029,0,0,0
Madhya Pradesh,Ashoknagar,2025,27,0,0,0,0,0.04856662420604163,0,0,0
Madhya Pradesh,Balaghat,2026,1,364,13,-351,0,0.1495948990137424,0,0,0
Madhya Pradesh,Barwani,2026,1,149,17,-132,0,0.1748560965414726,0,0,0
Madhya Pradesh,Betul,2026,1,393,14,-379,0,0.14137753331970782,0,0,0
Madhya Pradesh,Bhind,2026,1,299,13,-286,0,0.12571783125543384,0,0,0
Madhya Pradesh,Bhopal,2026,1,360,25,-335,0,0.18840333639537277,0,0,0
Madhya Pradesh,Burhanpur,2026,1,96,-1,-97,0,0.01301717843661998,0,0,0
Madhya Pradesh,Chhatarpur,2026,1,396,13,-383,0,0.07708805570064331,0,0,0
Madhya Pradesh,Chhindwara,2026,1,304,10,-294,0,0.14664059648721717,0,0,0
Madhya Pradesh,Damoh,2026,1,96,-1,-97,0,0.006592565487946178,0,0,0
Madhya Pradesh,Datia,2026,1,107,-1,-108,1,-0.0033175142802447377,0,0,1
Madhya Pradesh,Dewas,2026,1,213,15,-198,0,0.1870738316156424,0,0,0
Madhya Pradesh,Dhar,2026,1,197,23,-174,0,0.15982073808834663,0,0,0
Madhya Pradesh,Dindori,2026,1,88,10,-78,0,0.2063618081494149,0,0,0
Madhya Pradesh,East Nimar,2026,1,43,-1,-44,0,0.11633800387768617,0,0,0
Madhya Pradesh,Guna,2026,1,162,-1,-163,1,-0.049935936812488646,0,0,1
Madhya Pradesh,Gwalior,2026,1,323,28,-295,0,0.1509314696641128,0,0,0
Madhya Pradesh,Harda,2026,1,40,0,-40,0,0.22126086256196442,0,0,0
Madhya Pradesh,Hoshangabad,2026,1,145,-1,-146,1,-0.0295240882586022,0,0,1
Madhya Pradesh,Indore,2026,1,495,55,-440,0,0.16371361146731533,0,0,0
Madhya Pradesh,Jabalpur,2026,1,334,14,-320,0,0.1509622898868032,0,0,0
Madhya Pradesh,Jhabua,2026,1,166,13,-153,0,0.15226009243993022,0,0,0
Madhya Pradesh,Katni,2026,1,451,16,-435,0,0.09342534867512309,0,0,0
Madhya Pradesh,Khandwa,2026,1,127,10,-117,0,0.1967289298604739,0,0,0
Madhya Pradesh,Khargone,2026,1,158,13,-145,0,0.15640961094307332,0,0,0
Madhya Pradesh,Maihar,2026,1,-1,-1,0,0,0.22286655814751705,0,0,0
Madhya Pradesh,Mandla,2026,1,140,18,-122,0,0.2157786433607386,0,0,0
Madhya Pradesh,Mandsaur,2026,1,185,12,-173,0,0.18415290925096128,0,0,0
Madhya Pradesh,Mauganj,2026,1,-1,0,1,0,0.22194383929593559,0,0,0
Madhya Pradesh,Morena,2026,1,236,25,-211,0,0.1531525573738725,0,0,0
Madhya Pradesh,Narmadapuram,2026,1,-1,-1,0,0,0.22509819554917515,0,0,0
Madhya Pradesh,Narsimhapur,2026,1,19,0,-19,0,0.2280715701736714,0,0,0
Madhya Pradesh,Narsinghpur,2026,1,129,15,-114,0,0.20354852453856775,0,0,0
Madhya Pradesh,Neemuch,2026,1,146,-1,-147,1,-0.033654544410330445,0,0,1
Madhya Pradesh,Niwari,2026,1,-1,0,1,0,0.22194383929593559,0,0,0
Madhya Pradesh,Pandhurna,2026,1,0,0,0,0,0.22977775205298745,0,0,0
Madhya Pradesh,Panna,2026,1,134,-1,-135,1,-0.03736930918675363,0,0,1
Madhya Pradesh,Raisen,2026,1,164,13,-151,0,0.17475875909941052,0,0,0
Madhya Pradesh,Rajgarh,2026,1,197,17,-180,0,0.1539791904250019,0,0,0
Madhya Pradesh,Ratlam,2026,1,798,16,-782,0,0.0850320790280289,0,0,0
Madhya Pradesh,Rewa,2026,1,420,34,-386,0,0.18976010500878115,0,0,0
Madhya Pradesh,Sagar,2026,1,304,33,-271,0,0.1807285275035148,0,0,0
Madhya Pradesh,Satna,2026,1,435,37,-398,0,0.17671641493203488,0,0,0
Madhya Pradesh,Sehore,2026,1,239,13,-226,0,0.17218683569444965,0,0,0
Madhya Pradesh,Seoni,2026,1,137,15,-122,0,0.20832544022316418,0,0,0
Madhya Pradesh,Shahdol,2026,1,225,16,-209,0,0.18586292941805244,0,0,0
Madhya Pradesh,Shajapur,2026,1,128,21,-107,0,0.19162777591287888,0,0,0
Madhya Pradesh,Sheopur,2026,1,105,18,-87,0,0.14395103831976597,0,0,0
Madhya Pradesh,Shivpuri,2026,1,132,27,-105,0,0.12490456273233591,0,0,0
Madhya Pradesh,Sidhi,2026,1,185,11,-174,0,0.1859655110874745,0,0,0
Madhya Pradesh,Singrauli,2026,1,181,34,-147,0,0.20855820687054727,0,0,0
Madhya Pradesh,Tikamgarh,2026,1,173,25,-148,0,0.19411630537795438,0,0,0
Madhya Pradesh,Ujjain,2026,1,498,26,-472,0,0.1473594483539054,0,0,0
Madhya Pradesh,Umaria,2026,1,74,12,-62,0,0.20268220950224236,0,0,0
Madhya Pradesh,Vidisha,2026,1,220,22,-198,0,0.18413815868872352,0,0,0
Madhya Pradesh,West Nimar,2026,1,10,0,-10,0,0.22948494746251347,0,0,0
Maharashtra,Ahilyanagar,2026,1,0,-1,-1,0,0.2072175282209182,0,0,0
Maharashtra,Ahmadnagar,2026,1,794,64,-730,0,0.1643915873035977,0,0,0
Maharashtra,Ahmed Nagar,2026,1,-1,-1,0,0,0.22509819554917515,0,0,0
Maharashtra,Ahmednagar,2025,27,0,0,0,0,0.18339285395079313,0,0,0
Maharashtra,Akola,2026,1,349,29,-320,0,0.20684983841456234,0,0,0
Maharashtra,Amravati,2026,1,140,15,-125,0,0.2070961850629926,0,0,0
Maharashtra,Aurangabad,2026,1,599,23,-576,0,0.11849851072513318,0,0,0
Maharashtra,Beed,2026,1,393,45,-348,0,0.21015697088712204,0,0,0
Maharashtra,Bhandara,2026,1,132,-1,-133,1,-0.0038678039022956856,0,0,1
Maharashtra,Bid,2026,1,-1,0,1,0,0.2230616474578473,0,0,0
Maharashtra,Buldana,2026,1,12,-1,-13,0,0.1936218874161646,0,0,0
Maharashtra,Buldhana,2026,1,324,23,-301,0,0.19571589472101458,0,0,0
Maharashtra,Chandrapur,2026,1,217,17,-200,0,0.19744168876240703,0,0,0
Maharashtra,Chatrapati Sambhaji Nagar,2026,1,-1,-1,0,0,0.22509819554917515,0,0,0
Maharashtra,Chhatrapati Sambhajinagar,2026,1,-1,-1,0,0,0.22328082449306463,0,0,0
Maharashtra,Dharashiv,2026,1,0,-1,-1,0,0.2072175282209182,0,0,0
Maharashtra,Dhule,2026,1,329,27,-302,0,0.1837990106948143,0,0,0
Maharashtra,Dist : Thane,2025,51,0,0,0,0,0.22883769135250992,0,0,0
Maharashtra,Gadchiroli,2026,1,130,-1,-131,1,-0.003981407074513776,0,0,1
Maharashtra,Gondia,2026,1,0,0,0,0,0.22883769135250992,0,0,0
Maharashtra,Gondiya,2026,1,141,10,-131,0,0.19802762397432022,0,0,0
Maharashtra,Hingoli,2026,1,192,10,-182,0,0.17746914495691857,0,0,0
Maharashtra,Jalgaon,2026,1,705,18,-687,0,0.10418354481536352,0,0,0
Maharashtra,Jalna,2026,1,327,15,-312,0,0.17264451802964548,0,0,0
Maharashtra,Kolhapur,2026,1,414,15,-399,0,0.15605001718852735,0,0,0
Maharashtra,Latur,2026,1,242,36,-206,0,0.2156850214764856,0,0,0
Maharashtra,Mumbai,2026,1,610,48,-562,0,0.15772301692227492,0,0,0
Maharashtra,Mumbai City,2026,1,163,20,-143,0,0.21491454739105342,0,0,0
Maharashtra,Mumbai Suburban,2026,1,482,72,-410,0,0.17555010431940848,0,0,0
Maharashtra,Mumbai( Sub Urban ),2026,1,-1,0,1,0,0.22194383929593559,0,0,0
Maharashtra,Nagpur,2026,1,485,76,-409,0,0.2154818147821404,0,0,0
Maharashtra,Nanded,2026,1,625,38,-587,0,0.18859822659704722,0,0,0
Maharashtra,Nandurbar,2026,1,310,-1,-311,1,-0.04905151013118236,0,0,1
Maharashtra,Nashik,2026,1,916,61,-855,0,0.14958458497332638,0,0,0
Maharashtra,Osmanabad,2026,1,316,17,-299,0,0.18281697674055153,0,0,0
Maharashtra,Palghar,2026,1,449,76,-373,0,0.19173042070224183,0,0,0
Maharashtra,Parbhani,2026,1,256,15,-241,0,0.19032183009529274,0,0,0
Maharashtra,Pune,2026,1,1284,156,-1128,0,0.14380392106185186,0,0,0
Maharashtra,Raigad,2026,1,27,14,-13,0,0.218415162977742,0,0,0
Maharashtra,Raigarh,2026,1,283,20,-263,0,0.1927377583444666,0,0,0
Maharashtra,Raigarh(MH),2026,1,0,0,0,0,0.22977775205298745,0,0,0
Maharashtra,Ratnagiri,2026,1,126,13,-113,0,0.2122110306185151,0,0,0
Maharashtra,Sangli,2026,1,323,15,-308,0,0.17293685846625795,0,0,0
Maharashtra,Satara,2026,1,355,15,-340,0,0.1688151259526512,0,0,0
Maharashtra,Sindhudurg,2026,1,95,-1,-96,0,0.022183975294332692,0,0,0
Maharashtra,Solapur,2026,1,647,26,-621,0,0.13264731595553814,0,0,0
Maharashtra,Thane,2026,1,845,179,-666,0,0.13432371263694948,0,0,0
Maharashtra,Wardha,2026,1,190,-1,-191,1,-0.029923025969880723,0,0,1
Maharashtra,Washim,2026,1,239,-1,-240,1,-0.046368333400163886,0,0,1
Maharashtra,Yavatmal,2026,1,331,16,-315,0,0.16964193933571559,0,0,0
Manipur,Bishnupur,2026,1,37,-1,-38,0,0.13549652457814304,0,0,0
Manipur,Chandel,2026,1,15,-1,-16,0,0.18276492544098533,0,0,0
Manipur,Churachandpur,2026,1,41,10,-31,0,0.2236279982326374,0,0,0
Manipur,Imphal East,2026,1,111,44,-67,0,0.2200475273230878,0,0,0
Manipur,Imphal West,2026,1,110,59,-51,0,0.21793212683525315,0,0,0
Manipur,Jiribam,2026,1,0,-1,-1,0,0.20801393255783773,0,0,0
Manipur,Kakching,2026,1,-1,12,13,0,0.21529602268924425,0,0,0
Manipur,Kangpokpi,2025,52,0,-1,-1,0,0.2072175282209182,0,0,0
Manipur,Pherzawl,2026,1,0,0,0,0,0.22883769135250992,0,0,0
Manipur,Senapati,2026,1,46,15,-31,0,0.22138893404200433,0,0,0
Manipur,Tamenglong,2026,1,-1,-1,0,0,0.21962106034964896,0,0,0
Manipur,Thoubal,2026,1,141,22,-119,0,0.21200580626185767,0,0,0
Manipur,Ukhrul,2026,1,-1,-1,0,0,0.22328082449306463,0,0,0
Meghalaya,East Garo Hills,2026,1,0,-1,-1,0,0.2078878892904374,0,0,0
Meghalaya,East Jaintia Hills,2026,1,0,0,0,0,0.2299644619837814,0,0,0
Meghalaya,East Khasi Hills,2026,1,16,-1,-17,0,0.17269217182059732,0,0,0
Meghalaya,Eastern West Khasi Hills,2026,1,0,0,0,0,0.22977775205298745,0,0,0
Meghalaya,Jaintia Hills,2025,51,0,0,0,0,0.22883769135250992,0,0,0
Meghalaya,Kamrup,2025,27,0,0,0,0,0.217385711832141,0,0,0
Meghalaya,North Garo Hills,2026,1,0,0,0,0,0.22553329021961366,0,0,0
Meghalaya,Ri Bhoi,2026,1,-1,0,1,0,0.2168767676517263,0,0,0
Meghalaya,South Garo Hills,2026,1,0,0,0,0,0.22809928100479693,0,0,0
Meghalaya,South West Garo Hills,2026,1,0,-1,-1,0,0.20801393255783773,0,0,0
Meghalaya,South West Khasi Hills,2026,1,-1,-1,0,0,0.22545250740149558,0,0,0
Meghalaya,West Garo Hills,2026,1,24,-1,-25,0,0.15900047585952537,0,0,0
Meghalaya,West Jaintia Hills,2026,1,0,-1,-1,0,0.19052966167329272,0,0,0
Meghalaya,West Khasi Hills,2026,1,-1,0,1,0,0.21654669938676818,0,0,0
Mizoram,Aizawl,2026,1,-1,-1,0,0,0.22509819554917515,0,0,0
Mizoram,Champhai,2026,1,-1,0,1,0,0.22194383929593559,0,0,0
Mizoram,Hnahthial,2025,52,0,0,0,0,0.22883769135250992,0,0,0
Mizoram,Khawzawl,2025,52,0,0,0,0,0.22977775205298745,0,0,0
Mizoram,Kolasib,2026,1,-1,0,1,0,0.22023305520082254,0,0,0
Mizoram,Lawngtlai,2026,1,16,-1,-17,0,0.1870116960711729,0,0,0
Mizoram,Lunglei,2026,1,-1,0,1,0,0.22194383929593559,0,0,0
Mizoram,Mamit,2026,1,-1,0,1,0,0.22194383929593559,0,0,0
Mizoram,Mammit,2026,1,0,0,0,0,0.22883769135250992,0,0,0
Mizoram,Saiha,2026,1,-1,0,1,0,0.22194383929593559,0,0,0
Mizoram,Saitual,2026,1,0,0,0,0,0.22883769135250992,0,0,0
Mizoram,Serchhip,2026,1,-1,-1,0,0,0.22286655814751705,0,0,0
Nagaland,Chumukedima,2026,1,0,0,0,0,0.22977775205298745,0,0,0
Nagaland,Dimapur,2026,1,11,-1,-12,0,0.1982219798608389,0,0,0
Nagaland,Kiphire,2026,1,0,0,0,0,0.22977775205298745,0,0,0
Nagaland,Kohima,2026,1,-1,0,1,0,0.22194383929593559,0,0,0
Nagaland,Longleng,2026,1,0,0,0,0,0.22977775205298745,0,0,0
Nagaland,Meluri,2026,1,-1,0,1,0,0.22023305520082254,0,0,0
Nagaland,Mokokchung,2026,1,-1,0,1,0,0.2230616474578473,0,0,0
Nagaland,Mon,2026,1,-1,-1,0,0,0.22481735249845247,0,0,0
Nagaland,Niuland,2026,1,0,0,0,0,0.22883769135250992,0,0,0
Nagaland,Noklak,2026,1,0,0,0,0,0.22977775205298745,0,0,0
Nagaland,Peren,2026,1,-1,-1,0,0,0.22286655814751705,0,0,0
Nagaland,Phek,2026,1,0,0,0,0,0.22977775205298745,0,0,0
Nagaland,Shamator,2026,1,0,0,0,0,0.2299644619837814,0,0,0
Nagaland,Tseminyu,2026,1,0,-1,-1,0,0.2072175282209182,0,0,0
Nagaland,Tuensang,2026,1,-1,0,1,0,0.22194383929593559,0,0,0
Nagaland,Wokha,2026,1,-1,0,1,0,0.22194383929593559,0,0,0
Nagaland,Zunheboto,2026,1,-1,0,1,0,0.22194383929593559,0,0,0
Nagpur,Near Uday nagar NIT garden,2025,52,0,0,0,0,0.22883769135250992,0,0,0
ODISHA,NUAPADA,2026,1,-1,0,1,0,0.22023305520082254,0,0,0
Odisha,ANGUL,2025,49,0,0,0,0,0.22883769135250992,0,0,0
Odisha,ANUGUL,2026,1,0,0,0,0,0.22883769135250992,0,0,0
Odisha,Angul,2026,1,171,26,-145,0,0.21217940495105092,0,0,0
Odisha,Anugal,2026,1,0,0,0,0,0.22883769135250992,0,0,0
Odisha,Anugul,2026,1,-1,-1,0,0,0.22509819554917515,0,0,0
Odisha,BALANGIR,2025,37,0,0,0,0,0.22883769135250992,0,0,0
Odisha,Balangir,2026,1,155,10,-145,0,0.1884932427596579,0,0,0
Odisha,Baleshwar,2026,1,12,-1,-13,0,0.1936218874161646,0,0,0
Odisha,Baleswar,2026,1,224,17,-207,0,0.19417967954443588,0,0,0
Odisha,Balianta,2025,52,0,0,0,0,0.22883769135250992,0,0,0
Odisha,Bargarh,2026,1,156,15,-141,0,0.20126913157167176,0,0,0
Odisha,Baudh,2026,1,-1,-1,0,0,0.22286655814751705,0,0,0
Odisha,Bhadrak,2026,1,133,23,-110,0,0.21562850022448032,0,0,0
Odisha,Bhadrak(R),2025,49,0,0,0,0,0.22883769135250992,0,0,0
Odisha,Boudh,2026,1,69,-1,-70,0,0.06518779277598274,0,0,0
Odisha,Cuttack,2026,1,258,30,-228,0,0.21172255291330638,0,0,0
Odisha,Debagarh,2026,1,39,-1,-40,0,0.13833919901307629,0,0,0
Odisha,Dhenkanal,2026,1,174,17,-157,0,0.2026003034497299,0,0,0
Odisha,Gajapati,2026,1,104,11,-93,0,0.2119983527327951,0,0,0
Odisha,Ganjam,2026,1,439,60,-379,0,0.21013113976515557,0,0,0
Odisha,JAJPUR,2026,1,82,-1,-83,0,0.031289714095596555,0,0,0
Odisha,Jagatsinghapur,2026,1,99,16,-83,0,0.21980209682952934,0,0,0
Odisha,Jagatsinghpur,2026,1,-1,-1,0,0,0.22509819554917515,0,0,0
Odisha,Jajapur,2026,1,83,19,-64,0,0.21197222741595334,0,0,0
Odisha,Jajpur,2026,1,0,0,0,0,0.22883769135250992,0,0,0
Odisha,Jharsuguda,2026,1,69,-1,-70,0,0.06644367456687406,0,0,0
Odisha,Kalahandi,2026,1,173,25,-148,0,0.21317087429815768,0,0,0
Odisha,Kandhamal,2026,1,122,-1,-123,0,0.0029933401692582295,0,0,0
Odisha,Kendrapara,2026,1,171,23,-148,0,0.2146613823652836,0,0,0
Odisha,Kendujhar,2026,1,224,30,-194,0,0.20422695784575273,0,0,0
Odisha,Khorda,2026,1,190,15,-175,0,0.19634199646222467,0,0,0
Odisha,Khordha,2026,1,-1,-1,0,0,0.22509819554917515,0,0,0
Odisha,Koraput,2026,1,140,26,-114,0,0.2145617249882884,0,0,0
Odisha,Malkangiri,2026,1,91,22,-69,0,0.21304818207795145,0,0,0
Odisha,Mayurbhanj,2026,1,254,41,-213,0,0.20712171345055647,0,0,0
Odisha,NAYAGARH,2026,1,0,0,0,0,0.22883769135250992,0,0,0
Odisha,NUAPADA,2026,1,-1,0,1,0,0.22023305520082254,0,0,0
Odisha,Nabarangapur,2026,1,115,21,-94,0,0.2122774649652307,0,0,0
Odisha,Nabarangpur,2025,27,0,0,0,0,0.20636172397541724,0,0,0
Odisha,Nayagarh,2026,1,126,19,-107,0,0.2170474773993119,0,0,0
Odisha,Nuapada,2026,1,82,15,-67,0,0.2113739380299679,0,0,0
Odisha,Puri,2026,1,192,15,-177,0,0.19555739657949417,0,0,0
Odisha,Rayagada,2026,1,120,17,-103,0,0.21413155329238537,0,0,0
Odisha,Sambalpur,2026,1,130,18,-112,0,0.2080811427634135,0,0,0
Odisha,Sonapur,2026,1,50,10,-40,0,0.22528120111461652,0,0,0
Odisha,Subarnapur,2026,1,10,0,-10,0,0.22874149850272618,0,0,0
Odisha,Sundargarh,2026,1,11,-1,-12,0,0.19668966371309055,0,0,0
Odisha,Sundergarh,2026,1,272,14,-258,0,0.17539520953640036,0,0,0
Odisha,jajpur,2026,1,0,0,0,0,0.22883769135250992,0,0,0
Orissa,Angul,2025,50,0,0,0,0,0.22883769135250992,0,0,0
Orissa,Anugul,2026,1,-1,0,1,0,0.22194383929593559,0,0,0
Orissa,Balangir,2026,1,10,-1,-11,0,0.1967877578813162,0,0,0
Orissa,Baleshwar,2026,1,-1,0,1,0,0.22194383929593559,0,0,0
Orissa,Baleswar,2025,52,0,0,0,0,0.22977775205298745,0,0,0
Orissa,Bargarh,2026,1,0,0,0,0,0.22883769135250992,0,0,0
Orissa,Baudh,2025,52,0,0,0,0,0.22883769135250992,0,0,0
Orissa,Bhadrak,2026,1,-1,-1,0,0,0.22509819554917515,0,0,0
Orissa,Cuttack,2026,1,-1,0,1,0,0.22194383929593559,0,0,0
Orissa,Debagarh,2025,52,0,0,0,0,0.22883769135250992,0,0,0
Orissa,Dhenkanal,2026,1,-1,0,1,0,0.22023305520082254,0,0,0
Orissa,Gajapati,2026,1,0,0,0,0,0.22883769135250992,0,0,0
Orissa,Ganjam,2026,1,-1,0,1,0,0.22194383929593559,0,0,0
Orissa,Jagatsinghapur,2026,1,-1,0,1,0,0.22194383929593559,0,0,0
Orissa,Jajapur,2026,1,-1,0,1,0,0.22023305520082254,0,0,0
Orissa,Jharsuguda,2026,1,0,0,0,0,0.22883769135250992,0,0,0
Orissa,Kalahandi,2025,52,0,0,0,0,0.22883769135250992,0,0,0
Orissa,Kandhamal,2026,1,-1,0,1,0,0.22023305520082254,0,0,0
Orissa,Kendrapara,2026,1,0,0,0,0,0.22977775205298745,0,0,0
Orissa,Kendujhar,2026,1,0,0,0,0,0.22977775205298745,0,0,0
Orissa,Khorda,2026,1,0,0,0,0,0.22977775205298745,0,0,0
Orissa,Khordha,2026,1,11,-1,-12,0,0.19668966371309055,0,0,0
Orissa,Koraput,2026,1,-1,-1,0,0,0.22509819554917515,0,0,0
Orissa,Malkangiri,2026,1,0,0,0,0,0.22883769135250992,0,0,0
Orissa,Mayurbhanj,2025,52,0,0,0,0,0.22883769135250992,0,0,0
Orissa,Nabarangapur,2026,1,0,0,0,0,0.22883769135250992,0,0,0
Orissa,Nayagarh,2026,1,-1,0,1,0,0.22194383929593559,0,0,0
Orissa,Nuapada,2025,46,0,0,0,0,0.22883769135250992,0,0,0
Orissa,Puri,2026,1,-1,-1,0,0,0.22509819554917515,0,0,0
Orissa,Rayagada,2026,1,0,0,0,0,0.22977775205298745,0,0,0
Orissa,Sambalpur,2026,1,0,0,0,0,0.22883769135250992,0,0,0
Orissa,Sonapur,2026,1,0,0,0,0,0.22883769135250992,0,0,0
Orissa,Subarnapur,2025,52,-1,0,1,0,0.22023305520082254,0,0,0
Orissa,Sundargarh,2026,1,-1,0,1,0,0.22023305520082254,0,0,0
Orissa,Sundergarh,2025,50,0,0,0,0,0.22883769135250992,0,0,0
Pondicherry,Cuddalore,2025,46,0,0,0,0,0.22883769135250992,0,0,0
Pondicherry,Karaikal,2026,1,0,0,0,0,0.22883769135250992,0,0,0
Pondicherry,Pondicherry,2026,1,19,-1,-20,0,0.17398904943117272,0,0,0
Pondicherry,Viluppuram,2025,52,0,0,0,0,0.22883769135250992,0,0,0
Pondicherry,Yanam,2026,1,0,0,0,0,0.22883769135250992,0,0,0
Puducherry,Karaikal,2026,1,39,-1,-40,0,0.13020228481952023,0,0,0
Puducherry,Pondicherry,2026,1,0,0,0,0,0.22883769135250992,0,0,0
Puducherry,Puducherry,2026,1,91,14,-77,0,0.2170268027597025,0,0,0
Puducherry,Yanam,2026,1,0,0,0,0,0.22883769135250992,0,0,0
Punjab,Amritsar,2026,1,185,32,-153,0,0.21605366398122772,0,0,0
Punjab,Barnala,2026,1,37,-1,-38,0,0.13693068926458896,0,0,0
Punjab,Bathinda,2026,1,109,14,-95,0,0.21666100237651004,0,0,0
Punjab,Faridkot,2026,1,45,0,-45,0,0.22871040840168377,0,0,0
Punjab,Fatehgarh Sahib,2026,1,28,-1,-29,0,0.15680009333497763,0,0,0
Punjab,Fazilka,2026,1,74,-1,-75,0,0.048868304730581014,0,0,0
Punjab,Ferozepur,2026,1,45,-1,-46,0,0.1223880198961333,0,0,0
Punjab,Firozpur,2026,1,-1,0,1,0,0.22194383929593559,0,0,0
Punjab,Gurdaspur,2026,1,89,11,-78,0,0.21276548042331261,0,0,0
Punjab,Hoshiarpur,2026,1,131,10,-121,0,0.19893728446645703,0,0,0
Punjab,Jalandhar,2026,1,244,19,-225,0,0.19583602716263293,0,0,0
Punjab,Kapurthala,2026,1,54,-1,-55,0,0.10409673561278315,0,0,0
Punjab,Ludhiana,2026,1,355,30,-325,0,0.18845756581930695,0,0,0
Punjab,Malerkotla,2026,1,17,-1,-18,0,0.18506280074941667,0,0,0
Punjab,Mansa,2026,1,37,-1,-38,0,0.13693068926458896,0,0,0
Punjab,Moga,2026,1,59,-1,-60,0,0.09005875285651,0,0,0
Punjab,Muktsar,2026,1,-1,-1,0,0,0.22286655814751705,0,0,0
Punjab,Nawanshahr,2026,1,-1,0,1,0,0.22194383929593559,0,0,0
Punjab,Pathankot,2026,1,35,-1,-36,0,0.13998768878187418,0,0,0
Punjab,Patiala,2026,1,164,-1,-165,1,-0.030884437874817317,0,0,1
Punjab,Rupnagar,2026,1,57,-1,-58,0,0.09699269512968806,0,0,0
Punjab,S.A.S Nagar,2025,27,0,0,0,0,0.210724794317862,0,0,0
Punjab,S.A.S Nagar(Mohali),2026,1,-1,0,1,0,0.22194383929593559,0,0,0
Punjab,SAS Nagar (Mohali),2026,1,123,-1,-124,1,-0.0035480372251113224,0,0,1
Punjab,Sangrur,2026,1,115,-1,-116,0,0.011883072679914397,0,0,0
Punjab,Shaheed Bhagat Singh Nagar,2026,1,44,-1,-45,0,0.13151319235337305,0,0,0
Punjab,Sri Muktsar Sahib,2026,1,47,-1,-48,0,0.12525904480817102,0,0,0
Punjab,Tarn Taran,2026,1,68,-1,-69,0,0.06644367456687406,0,0,0
Puttenahalli,5th cross,2025,51,0,0,0,0,0.22883769135250992,0,0,0
Raja Annamalai Puram,Near Dhyana Ashram,2025,52,0,0,0,0,0.22883769135250992,0,0,0
Rajasthan,Ajmer,2026,1,456,44,-412,0,0.16060606885229367,0,0,0
Rajasthan,Alwar,2026,1,668,79,-589,0,0.10945634583495739,0,0,0
Rajasthan,Balotra,2026,1,0,-1,-1,0,0.2072175282209182,0,0,0
Rajasthan,Banswara,2026,1,174,16,-158,0,0.13734816964684027,0,0,0
Rajasthan,Baran,2026,1,66,-1,-67,0,0.043869077872003115,0,0,0
Rajasthan,Barmer,2026,1,537,40,-497,0,0.08971826593693977,0,0,0
Rajasthan,Beawar,2026,1,-1,-1,0,0,0.22286655814751705,0,0,0
Rajasthan,Bharatpur,2026,1,357,45,-312,0,0.12324115703880201,0,0,0
Rajasthan,Bhilwara,2026,1,335,60,-275,0,0.16072082706505098,0,0,0
Rajasthan,Bikaner,2026,1,347,41,-306,0,0.11319781303281706,0,0,0
Rajasthan,Bundi,2026,1,171,26,-145,0,0.19683688129928723,0,0,0
Rajasthan,Chittaurgarh,2026,1,-1,0,1,0,0.22194383929593559,0,0,0
Rajasthan,Chittorgarh,2026,1,169,11,-158,0,0.16743614084040898,0,0,0
Rajasthan,Churu,2026,1,466,21,-445,0,0.1028308963240181,0,0,0
Rajasthan,Dausa,2026,1,284,20,-264,0,0.15051160333267977,0,0,0
Rajasthan,Deeg,2026,1,0,-1,-1,0,0.20575787789657662,0,0,0
Rajasthan,Dhaulpur,2026,1,-1,0,1,0,0.22194383929593559,0,0,0
Rajasthan,Dholpur,2026,1,172,20,-152,0,0.1553554099238713,0,0,0
Rajasthan,Didwana-Kuchaman,2026,1,0,-1,-1,0,0.2072175282209182,0,0,0
Rajasthan,Dungarpur,2026,1,198,15,-183,0,0.15134481329102262,0,0,0
Rajasthan,Ganganagar,2026,1,260,20,-240,0,0.1701779044393653,0,0,0
Rajasthan,Hanumangarh,2026,1,260,10,-250,0,0.13929303171215046,0,0,0
Rajasthan,Jaipur,2026,1,1053,122,-931,0,0.060041927657843,0,0,0
Rajasthan,Jaisalmer,2026,1,107,12,-95,0,0.19357559589061651,0,0,0
Rajasthan,Jalor,2026,1,208,36,-172,0,0.10778125094675345,0,0,0
Rajasthan,Jalore,2026,1,0,0,0,0,0.22883769135250992,0,0,0
Rajasthan,Jhalawar,2026,1,109,30,-79,0,0.19283032173036485,0,0,0
Rajasthan,Jhunjhunu,2026,1,-1,-1,0,0,0.22509819554917515,0,0,0
Rajasthan,Jhunjhunun,2026,1,320,25,-295,0,0.16671188631190015,0,0,0
Rajasthan,Jodhpur,2026,1,822,81,-741,0,0.09347504044758337,0,0,0
Rajasthan,Karauli,2026,1,276,45,-231,0,0.16483124028470642,0,0,0
Rajasthan,Khairthal-Tijara,2026,1,0,-1,-1,0,0.2072175282209182,0,0,0
Rajasthan,Kota,2026,1,234,55,-179,0,0.1915688560389303,0,0,0
Rajasthan,Kotputli-Behror,2026,1,0,-1,-1,0,0.2072175282209182,0,0,0
Rajasthan,Nagaur,2026,1,598,63,-535,0,0.11910998145107182,0,0,0
Rajasthan,Pali,2026,1,231,27,-204,0,0.16114158769128378,0,0,0
Rajasthan,Phalodi,2026,1,0,0,0,0,0.22883769135250992,0,0,0
Rajasthan,Pratapgarh,2026,1,84,-1,-85,0,0.014835112779272852,0,0,0
Rajasthan,Rajsamand,2026,1,157,-1,-158,1,-0.043388546968230024,0,0,1
Rajasthan,Salumbar,2026,1,0,0,0,0,0.22883769135250992,0,0,0
Rajasthan,Sawai Madhopur,2026,1,162,29,-133,0,0.18362237460107805,0,0,0
Rajasthan,Sikar,2026,1,406,56,-350,0,0.14470480531673813,0,0,0
Rajasthan,Sirohi,2026,1,135,16,-119,0,0.13386840672431494,0,0,0
Rajasthan,Tonk,2026,1,208,30,-178,0,0.18957678954683715,0,0,0
Rajasthan,Udaipur,2026,1,307,47,-260,0,0.10608240960494575,0,0,0
Sikkim,East,2026,1,-1,0,1,0,0.22023305520082254,0,0,0
Sikkim,East Sikkim,2026,1,-1,-1,0,0,0.22509819554917515,0,0,0
Sikkim,Mangan,2026,1,0,0,0,0,0.22883769135250992,0,0,0
Sikkim,Namchi,2026,1,0,0,0,0,0.22883769135250992,0,0,0
Sikkim,North,2026,1,0,0,0,0,0.22883769135250992,0,0,0
Sikkim,North Sikkim,2026,1,-1,0,1,0,0.22194383929593559,0,0,0
Sikkim,South,2026,1,-1,-1,0,0,0.22509819554917515,0,0,0
Sikkim,South Sikkim,2026,1,-1,0,1,0,0.22194383929593559,0,0,0
Sikkim,West,2026,1,-1,0,1,0,0.22194383929593559,0,0,0
Sikkim,West Sikkim,2026,1,-1,0,1,0,0.22023305520082254,0,0,0
Tamil Nadu,Ariyalur,2026,1,248,32,-216,0,0.22076343398815812,0,0,0
Tamil Nadu,Chengalpattu,2026,1,54,19,-35,0,0.22080242878235823,0,0,0
Tamil Nadu,Chennai,2026,1,695,62,-633,0,0.1900212096705473,0,0,0
Tamil Nadu,Coimbatore,2026,1,719,87,-632,0,0.1962270190287257,0,0,0
Tamil Nadu,Cuddalore,2026,1,765,95,-670,0,0.2176402992478051,0,0,0
Tamil Nadu,Dharmapuri,2026,1,347,53,-294,0,0.21173742536016354,0,0,0
Tamil Nadu,Dindigul,2026,1,486,67,-419,0,0.2149819753838615,0,0,0
Tamil Nadu,Erode,2026,1,374,65,-309,0,0.21158153407510627,0,0,0
Tamil Nadu,Kallakurichi,2026,1,36,-1,-37,0,0.137221382924208,0,0,0
Tamil Nadu,Kancheepuram,2026,1,955,111,-844,0,0.17938941782863316,0,0,0
Tamil Nadu,Kanchipuram,2026,1,0,0,0,0,0.22883769135250992,0,0,0
Tamil Nadu,Kanniyakumari,2026,1,112,55,-57,0,0.22302241277340656,0,0,0
Tamil Nadu,Kanyakumari,2026,1,151,15,-136,0,0.21117241428228994,0,0,0
Tamil Nadu,Karur,2026,1,195,41,-154,0,0.21808133634316962,0,0,0
Tamil Nadu,Krishnagiri,2026,1,430,81,-349,0,0.21120292247901834,0,0,0
Tamil Nadu,Madurai,2026,1,799,145,-654,0,0.21273121151918672,0,0,0
Tamil Nadu,Mayiladuthurai,2026,1,66,-1,-67,0,0.07492150226758826,0,0,0
Tamil Nadu,Nagapattinam,2026,1,203,50,-153,0,0.21718116004834126,0,0,0
Tamil Nadu,Namakkal,2026,1,224,93,-131,0,0.21578153278479245,0,0,0
Tamil Nadu,Perambalur,2026,1,157,38,-119,0,0.22375381588701654,0,0,0
Tamil Nadu,Pudukkottai,2026,1,477,65,-412,0,0.21044241558700283,0,0,0
Tamil Nadu,Ramanathapuram,2026,1,292,48,-244,0,0.21977592736488538,0,0,0
Tamil Nadu,Ranipet,2026,1,-1,0,1,0,0.22194383929593559,0,0,0
Tamil Nadu,Salem,2026,1,879,161,-718,0,0.19712787157983497,0,0,0
Tamil Nadu,Sivaganga,2026,1,356,54,-302,0,0.21199809949941845,0,0,0
Tamil Nadu,Tenkasi,2026,1,46,20,-26,0,0.22508614191854576,0,0,0
Tamil Nadu,Thanjavur,2026,1,547,93,-454,0,0.19814111245711252,0,0,0
Tamil Nadu,The Nilgiris,2026,1,156,14,-142,0,0.19976780634210056,0,0,0
Tamil Nadu,Theni,2026,1,305,53,-252,0,0.21515952567613722,0,0,0
Tamil Nadu,Thiruvallur,2026,1,16,-1,-17,0,0.18895496024527814,0,0,0
Tamil Nadu,Thiruvarur,2026,1,255,41,-214,0,0.21949907696507798,0,0,0
Tamil Nadu,Thoothukkudi,2026,1,372,64,-308,0,0.21262505724025382,0,0,0
Tamil Nadu,Tiruchirappalli,2026,1,483,105,-378,0,0.2119208328280201,0,0,0
Tamil Nadu,Tirunelveli,2026,1,435,119,-316,0,0.21240359462776792,0,0,0
Tamil Nadu,Tirupathur,2026,1,0,0,0,0,0.22883769135250992,0,0,0
Tamil Nadu,Tirupattur,2026,1,43,14,-29,0,0.22744819110910486,0,0,0
Tamil Nadu,Tiruppur,2026,1,543,126,-417,0,0.21499551484887147,0,0,0
Tamil Nadu,Tiruvallur,2026,1,676,137,-539,0,0.18762772966647007,0,0,0
Tamil Nadu,Tiruvannamalai,2026,1,347,62,-285,0,0.22225747833466314,0,0,0
Tamil Nadu,Tiruvarur,2025,49,0,0,0,0,0.22883769135250992,0,0,0
Tamil Nadu,Tuticorin,2025,52,-1,0,1,0,0.22023305520082254,0,0,0
Tamil Nadu,Vellore,2026,1,533,105,-428,0,0.21619784312778156,0,0,0
Tamil Nadu,Villupuram,2026,1,562,65,-497,0,0.21632728435787812,0,0,0
Tamil Nadu,Viluppuram,2026,1,134,29,-105,0,0.2154916426955793,0,0,0
Tamil Nadu,Virudhunagar,2026,1,184,77,-107,0,0.21506027241436904,0,0,0
Tamilnadu,Chennai,2025,52,-1,0,1,0,0.22023305520082254,0,0,0
Telangana,Adilabad,2026,1,134,24,-110,0,0.2134258625873161,0,0,0
Telangana,Bhadradri Kothagudem,2026,1,50,18,-32,0,0.22371904628464595,0,0,0
Telangana,Hanumakonda,2026,1,-1,-1,0,0,0.22509819554917515,0,0,0
Telangana,Hyderabad,2026,1,473,73,-400,0,0.16156264409808951,0,0,0
Telangana,Jagitial,2026,1,15,-1,-16,0,0.1915331328073912,0,0,0
Telangana,Jangaon,2026,1,0,0,0,0,0.22883769135250992,0,0,0
Telangana,Jangoan,2026,1,21,-1,-22,0,0.17029077805846682,0,0,0
Telangana,Jayashankar Bhupalpally,2026,1,11,-1,-12,0,0.19646110961624125,0,0,0
Telangana,Jogulamba Gadwal,2026,1,24,-1,-25,0,0.16179090781797456,0,0,0
Telangana,K.v. Rangareddy,2026,1,486,91,-395,0,0.1882125981937794,0,0,0
Telangana,Kamareddy,2026,1,42,-1,-43,0,0.1329092913699862,0,0,0
Telangana,Karimnagar,2026,1,209,38,-171,0,0.21769272796498546,0,0,0
Telangana,Khammam,2026,1,115,29,-86,0,0.2206690960215788,0,0,0
Telangana,Komaram Bheem,2026,1,25,10,-15,0,0.2244728845636137,0,0,0
Telangana,Mahabubabad,2026,1,19,-1,-20,0,0.16939669510815997,0,0,0
Telangana,Mahabubnagar,2026,1,332,79,-253,0,0.21227652815577258,0,0,0
Telangana,Mancherial,2026,1,54,-1,-55,0,0.10409673561278315,0,0,0
Telangana,Medak,2026,1,209,25,-184,0,0.2136095547892371,0,0,0
Telangana,Medchal Malkajgiri,2025,27,0,0,0,0,0.18904964036488325,0,0,0
Telangana,Medchal-malkajgiri,2026,1,49,53,4,0,0.21356241636483914,0,0,0
Telangana,Medchal?malkajgiri,2026,1,-1,0,1,0,0.22023305520082254,0,0,0
Telangana,Medchalâmalkajgiri,2025,52,0,0,0,0,0.22883769135250992,0,0,0
Telangana,Medchal−malkajgiri,2026,1,30,-1,-31,0,0.15645945642071202,0,0,0
Telangana,Mulugu,2026,1,14,11,-3,0,0.22431044078597484,0,0,0
Telangana,Nagarkurnool,2026,1,42,11,-31,0,0.22940114785962046,0,0,0
Telangana,Nalgonda,2026,1,225,55,-170,0,0.2165130697190626,0,0,0
Telangana,Narayanpet,2026,1,26,-1,-27,0,0.16194548974311745,0,0,0
Telangana,Nirmal,2026,1,24,17,-7,0,0.22493031866246982,0,0,0
Telangana,Nizamabad,2026,1,372,45,-327,0,0.2118027988566526,0,0,0
Telangana,Peddapalli,2026,1,26,-1,-27,0,0.16194548974311745,0,0,0
Telangana,Rajanna Sircilla,2026,1,13,-1,-14,0,0.19408901846760995,0,0,0
Telangana,Ranga Reddy,2025,27,0,0,0,0,0.210724794317862,0,0,0
Telangana,Rangareddy,2026,1,-1,-1,0,0,0.22509819554917515,0,0,0
Telangana,Sangareddy,2026,1,63,16,-47,0,0.22603370917161503,0,0,0
Telangana,Siddipet,2026,1,69,10,-59,0,0.2208522148063109,0,0,0
Telangana,Suryapet,2026,1,14,19,5,0,0.22414963206790284,0,0,0
Telangana,Vikarabad,2026,1,40,20,-20,0,0.22512777503583942,0,0,0
Telangana,Wanaparthy,2026,1,16,15,-1,0,0.20588481954375476,0,0,0
Telangana,Warangal,2026,1,130,26,-104,0,0.21983013371246496,0,0,0
Telangana,Warangal (urban),2026,1,0,0,0,0,0.22883769135250992,0,0,0
Telangana,Warangal Rural,2026,1,17,-1,-18,0,0.18506280074941667,0,0,0
Telangana,Warangal Urban,2026,1,25,-1,-26,0,0.16194548974311745,0,0,0
Telangana,Yadadri.,2026,1,32,-1,-33,0,0.14637149884543627,0,0,0
The Dadra And Nagar Haveli And Daman And Diu,Dadra And Nagar Haveli,2025,27,0,0,0,0,0.210724794317862,0,0,0
Tripura,Dhalai,2026,1,46,18,-28,0,0.22188499714957788,0,0,0
Tripura,Gomati,2026,1,45,41,-4,0,0.22752950023867546,0,0,0
Tripura,Khowai,2026,1,25,-1,-26,0,0.1590725582354373,0,0,0
Tripura,North Tripura,2026,1,78,14,-64,0,0.21648874321179512,0,0,0
Tripura,Sepahijala,2026,1,11,15,4,0,0.21829113138034822,0,0,0
Tripura,South Tripura,2026,1,57,27,-30,0,0.21988376332231285,0,0,0
Tripura,Unakoti,2026,1,14,-1,-15,0,0.19426764904649996,0,0,0
Tripura,West Tripura,2026,1,127,33,-94,0,0.2175039729097093,0,0,0
Uttar Pradesh,Agra,2026,1,377,144,-233,0,0.11555748399952398,0,0,0
Uttar Pradesh,Aligarh,2026,1,337,88,-249,0,0.16368523541659208,0,0,0
Uttar Pradesh,Allahabad,2026,1,314,132,-182,0,0.15058873010170687,0,0,0
Uttar Pradesh,Ambedkar Nagar,2026,1,177,65,-112,0,0.17206674188992027,0,0,0
Uttar Pradesh,Amethi,2026,1,144,59,-85,0,0.17410695103177826,0,0,0
Uttar Pradesh,Amroha,2026,1,185,48,-137,0,0.1776128726849721,0,0,0
Uttar Pradesh,Auraiya,2026,1,114,38,-76,0,0.19392763002071,0,0,0
Uttar Pradesh,Ayodhya,2026,1,14,18,4,0,0.22376217735958426,0,0,0
Uttar Pradesh,Azamgarh,2026,1,316,131,-185,0,0.09952798291448361,0,0,0
Uttar Pradesh,Baghpat,2026,1,91,29,-62,0,0.1958908463742115,0,0,0
Uttar Pradesh,Bagpat,2025,51,0,-1,-1,0,0.2072175282209182,0,0,0
Uttar Pradesh,Bahraich,2026,1,326,92,-234,0,0.11810266541652736,0,0,0
Uttar Pradesh,Ballia,2026,1,148,88,-60,0,0.13330405012007523,0,0,0
Uttar Pradesh,Balrampur,2026,1,201,43,-158,0,0.13600257717847292,0,0,0
Uttar Pradesh,Banda,2026,1,72,31,-41,0,0.18720397297477503,0,0,0
Uttar Pradesh,Bara Banki,2026,1,212,55,-157,0,0.19200663670542006,0,0,0
Uttar Pradesh,Barabanki,2026,1,-1,-1,0,0,0.22509819554917515,0,0,0
Uttar Pradesh,Bareilly,2026,1,219,112,-107,0,0.1245819643385273,0,0,0
Uttar Pradesh,Basti,2026,1,288,60,-228,0,0.13247522488669033,0,0,0
Uttar Pradesh,Bhadohi,2026,1,-1,-1,0,0,0.22481735249845247,0,0,0
Uttar Pradesh,Bijnor,2026,1,355,88,-267,0,0.1785886506221434,0,0,0
Uttar Pradesh,Budaun,2026,1,332,90,-242,0,0.16482490326492494,0,0,0
Uttar Pradesh,Bulandshahar,2026,1,-1,0,1,0,0.22194383929593559,0,0,0
Uttar Pradesh,Bulandshahr,2026,1,242,114,-128,0,0.11421734003656692,0,0,0
Uttar Pradesh,Chandauli,2026,1,99,68,-31,0,0.16764663474214037,0,0,0
Uttar Pradesh,Chitrakoot,2026,1,57,32,-25,0,0.15685372795090624,0,0,0
Uttar Pradesh,Deoria,2026,1,245,79,-166,0,0.1566883182031394,0,0,0
Uttar Pradesh,Etah,2026,1,132,29,-103,0,0.18991944933059984,0,0,0
Uttar Pradesh,Etawah,2026,1,109,34,-75,0,0.19330029221951023,0,0,0
Uttar Pradesh,Faizabad,2026,1,171,30,-141,0,0.1765571831810615,0,0,0
Uttar Pradesh,Farrukhabad,2026,1,164,28,-136,0,0.15970603328008887,0,0,0
Uttar Pradesh,Fatehpur,2026,1,182,64,-118,0,0.15647629457443585,0,0,0
Uttar Pradesh,Firozabad,2026,1,77,73,-4,0,0.1545508434305109,0,0,0
Uttar Pradesh,Gautam Buddha Nagar,2026,1,169,77,-92,0,0.15663430952934054,0,0,0
Uttar Pradesh,Ghaziabad,2026,1,345,108,-237,0,0.1382582251900072,0,0,0
Uttar Pradesh,Ghazipur,2026,1,292,85,-207,0,0.12962680100975194,0,0,0
Uttar Pradesh,Gonda,2026,1,345,73,-272,0,0.13842080564545628,0,0,0
Uttar Pradesh,Gorakhpur,2026,1,234,108,-126,0,0.09869420526806655,0,0,0
Uttar Pradesh,Hamirpur,2026,1,64,12,-52,0,0.21267309071492418,0,0,0
Uttar Pradesh,Hapur,2026,1,97,33,-64,0,0.19387524103050646,0,0,0
Uttar Pradesh,Hardoi,2026,1,424,78,-346,0,0.1331403964330254,0,0,0
Uttar Pradesh,Hathras,2026,1,191,54,-137,0,0.1936722719662477,0,0,0
Uttar Pradesh,Jalaun,2026,1,137,38,-99,0,0.19468409350802957,0,0,0
Uttar Pradesh,Jaunpur,2026,1,438,113,-325,0,0.12666988938665424,0,0,0
Uttar Pradesh,Jhansi,2026,1,198,28,-170,0,0.1817645034850931,0,0,0
Uttar Pradesh,Jyotiba Phule Nagar,2026,1,0,0,0,0,0.22977775205298745,0,0,0
Uttar Pradesh,Kannauj,2026,1,189,55,-134,0,0.19155255280365152,0,0,0
Uttar Pradesh,Kanpur Dehat,2026,1,138,47,-91,0,0.18848247590511308,0,0,0
Uttar Pradesh,Kanpur Nagar,2026,1,277,93,-184,0,0.11446929551519447,0,0,0
Uttar Pradesh,Kasganj,2026,1,203,35,-168,0,0.19607132309215625,0,0,0
Uttar Pradesh,Kaushambi,2026,1,229,36,-193,0,0.19327396238121702,0,0,0
Uttar Pradesh,Kheri,2026,1,377,88,-289,0,0.1321763993809617,0,0,0
Uttar Pradesh,Kushi Nagar,2025,27,0,0,0,0,0.058180572777302486,0,0,0
Uttar Pradesh,Kushinagar,2026,1,248,107,-141,0,0.11367529697683659,0,0,0
Uttar Pradesh,Lalitpur,2026,1,128,25,-103,0,0.21165920090538154,0,0,0
Uttar Pradesh,Lucknow,2026,1,513,81,-432,0,0.08134777327108073,0,0,0
Uttar Pradesh,Maharajganj,2026,1,382,68,-314,0,0.12295421832973202,0,0,0
Uttar Pradesh,Mahoba,2026,1,133,13,-120,0,0.20000299048645614,0,0,0
Uttar Pradesh,Mahrajganj,2026,1,-1,0,1,0,0.22023305520082254,0,0,0
Uttar Pradesh,Mainpuri,2026,1,114,46,-68,0,0.1560148024753173,0,0,0
Uttar Pradesh,Mathura,2026,1,291,66,-225,0,0.1511269964675948,0,0,0
Uttar Pradesh,Mau,2026,1,158,71,-87,0,0.1617573768510157,0,0,0
Uttar Pradesh,Meerut,2026,1,285,112,-173,0,0.14405168996001927,0,0,0
Uttar Pradesh,Mirzapur,2026,1,286,49,-237,0,0.17644102858661298,0,0,0
Uttar Pradesh,Moradabad,2026,1,368,64,-304,0,0.17288533309500465,0,0,0
Uttar Pradesh,Muzaffarnagar,2026,1,328,75,-253,0,0.18910096878057592,0,0,0
Uttar Pradesh,Pilibhit,2026,1,258,49,-209,0,0.20154400262252048,0,0,0
Uttar Pradesh,Pratapgarh,2026,1,206,69,-137,0,0.161078851357925,0,0,0
Uttar Pradesh,Prayagraj,2026,1,25,26,1,0,0.21943890291806384,0,0,0
Uttar Pradesh,Rae Bareli,2026,1,213,72,-141,0,0.15379220698687496,0,0,0
Uttar Pradesh,Raebareli,2025,52,0,0,0,0,0.22883769135250992,0,0,0
Uttar Pradesh,Rampur,2026,1,253,57,-196,0,0.17064201427700415,0,0,0
Uttar Pradesh,Saharanpur,2026,1,327,95,-232,0,0.1695487553972886,0,0,0
Uttar Pradesh,Sambhal,2026,1,200,56,-144,0,0.1612669961247593,0,0,0
Uttar Pradesh,Sant Kabir Nagar,2026,1,202,41,-161,0,0.16476330252043875,0,0,0
Uttar Pradesh,Sant Ravidas Nagar,2026,1,118,29,-89,0,0.18869109730821626,0,0,0
Uttar Pradesh,Sant Ravidas Nagar Bhadohi,2026,1,-1,0,1,0,0.22194383929593559,0,0,0
Uttar Pradesh,Shahjahanpur,2026,1,231,59,-172,0,0.17697106757755315,0,0,0
Uttar Pradesh,Shamli,2026,1,231,49,-182,0,0.1898231127624867,0,0,0
Uttar Pradesh,Shravasti,2025,27,0,0,0,0,0.02976134624785065,0,0,0
Uttar Pradesh,Shrawasti,2026,1,65,29,-36,0,0.18798838332314938,0,0,0
Uttar Pradesh,Siddharth Nagar,2025,27,0,0,0,1,-0.02767859004203177,0,0,1
Uttar Pradesh,Siddharthnagar,2026,1,347,74,-273,0,0.12568150876552192,0,0,0
Uttar Pradesh,Sitapur,2026,1,500,94,-406,0,0.1270730369438972,0,0,0
Uttar Pradesh,Sonbhadra,2026,1,249,65,-184,0,0.1981832739096563,0,0,0
Uttar Pradesh,Sultanpur,2026,1,196,63,-133,0,0.16228637354030756,0,0,0
Uttar Pradesh,Unnao,2026,1,265,59,-206,0,0.13913443918248408,0,0,0
Uttar Pradesh,Varanasi,2026,1,468,89,-379,0,0.13066459146210951,0,0,0
Uttarakhand,Almora,2026,1,186,14,-172,0,0.19799042510815307,0,0,0
Uttarakhand,Bageshwar,2026,1,47,-1,-48,0,0.12915114629073526,0,0,0
Uttarakhand,Chamoli,2026,1,198,-1,-199,1,-0.029923025969880723,0,0,1
Uttarakhand,Champawat,2026,1,123,-1,-124,0,0.0017741085495960318,0,0,0
Uttarakhand,Dehradun,2026,1,654,45,-609,0,0.19978566088926247,0,0,0
Uttarakhand,Garhwal,2026,1,0,0,0,0,0.22883769135250992,0,0,0
Uttarakhand,Hardwar,2026,1,-1,-1,0,0,0.22509819554917515,0,0,0
Uttarakhand,Haridwar,2026,1,1210,61,-1149,0,0.1711095113974272,0,0,0
Uttarakhand,Nainital,2026,1,336,38,-298,0,0.21185921851661993,0,0,0
Uttarakhand,Pauri Garhwal,2026,1,231,13,-218,0,0.18817626565067258,0,0,0
Uttarakhand,Pithoragarh,2026,1,220,-1,-221,1,-0.03493098571318631,0,0,1
Uttarakhand,Rudraprayag,2026,1,104,-1,-105,0,0.016188946894578282,0,0,0
Uttarakhand,Tehri Garhwal,2026,1,295,-1,-296,1,-0.04915532992089555,0,0,1
Uttarakhand,Udham Singh Nagar,2026,1,835,56,-779,0,0.19152693462466264,0,0,0
Uttarakhand,Uttarkashi,2026,1,118,-1,-119,0,0.008113074919512187,0,0,0
Uttaranchal,Almora,2025,37,0,0,0,0,0.22883769135250992,0,0,0
Uttaranchal,Garhwal,2025,49,0,0,0,0,0.22883769135250992,0,0,0
Uttaranchal,Tehri Garhwal,2025,52,0,0,0,0,0.22883769135250992,0,0,0
Uttaranchal,Udham Singh Nagar,2025,51,0,0,0,0,0.22883769135250992,0,0,0
WEST BENGAL,HOOGHLY,2026,1,0,0,0,0,0.22883769135250992,0,0,0
WEST BENGAL,HOWRAH,2025,52,-1,0,1,0,0.22023305520082254,0,0,0
WEST BENGAL,hooghly,2025,52,0,0,0,0,0.22883769135250992,0,0,0
WESTBENGAL,HOOGHLY,2026,1,0,0,0,0,0.22883769135250992,0,0,0
West  Bengal,Hooghly,2026,1,-1,0,1,0,0.22023305520082254,0,0,0
West Bangal,Hooghly,2026,1,0,0,0,0,0.22883769135250992,0,0,0
West Bangal,Howrah,2025,52,0,0,0,0,0.22883769135250992,0,0,0
West Bangal,South 24 Parganas,2026,1,0,0,0,0,0.22883769135250992,0,0,0
West Bengal,24 Paraganas North,2025,27,0,0,0,1,-0.026072107286669977,0,0,1
West Bengal,24 Paraganas South,2025,27,0,0,0,0,0.2049111186107977,0,0,0
West Bengal,Alipurduar,2026,1,22,-1,-23,0,0.1640365737686888,0,0,0
West Bengal,Bally Jagachha,2025,52,0,0,0,0,0.22883769135250992,0,0,0
West Bengal,Bankura,2026,1,286,79,-207,0,0.19422284122894218,0,0,0
West Bengal,Barddhaman,2026,1,417,79,-338,0,0.18036652845058654,0,0,0
West Bengal,Bardhaman,2026,1,18,-1,-19,0,0.18110001066147263,0,0,0
West Bengal,Birbhum,2026,1,317,65,-252,0,0.20179980570844736,0,0,0
West Bengal,Burdwan,2025,44,0,0,0,0,0.22883769135250992,0,0,0
West Bengal,Cooch Behar,2026,1,113,80,-33,0,0.20276564088101656,0,0,0
West Bengal,Coochbehar,2025,27,0,0,0,1,-0.026072107286669977,0,0,1
West Bengal,Dakshin Dinajpur,2026,1,107,35,-72,0,0.2182528715933576,0,0,0
West Bengal,Darjeeling,2026,1,104,16,-88,0,0.2112203949127041,0,0,0
West Bengal,Darjiling,2026,1,-1,0,1,0,0.22194383929593559,0,0,0
West Bengal,Dinajpur Dakshin,2025,27,0,0,0,0,0.15728991678335302,0,0,0
West Bengal,Dinajpur Uttar,2025,27,0,0,0,1,-0.047885488926648345,0,0,1
West Bengal,Domjur,2025,49,0,0,0,0,0.22883769135250992,0,0,0
West Bengal,East Midnapore,2026,1,17,-1,-18,0,0.18086109251467009,0,0,0
West Bengal,East Midnapur,2025,52,0,0,0,0,0.22883769135250992,0,0,0
West Bengal,East midnapore,2025,50,0,0,0,0,0.22883769135250992,0,0,0
West Bengal,HOOGHLY,2025,52,0,0,0,0,0.22883769135250992,0,0,0
West Bengal,HOWRAH,2026,1,0,0,0,0,0.22883769135250992,0,0,0
West Bengal,Haora,2026,1,35,-1,-36,0,0.1283455373630728,0,0,0
West Bengal,Hawrah,2025,52,0,0,0,0,0.22883769135250992,0,0,0
West Bengal,Hooghiy,2025,52,0,-1,-1,0,0.2072175282209182,0,0,0
West Bengal,Hooghly,2026,1,340,104,-236,0,0.16849547526221664,0,0,0
West Bengal,Howrah,2026,1,163,50,-113,0,0.1846830081648797,0,0,0
West Bengal,Hugli,2026,1,-1,-1,0,0,0.22509819554917515,0,0,0
West Bengal,Jalpaiguri,2026,1,236,63,-173,0,0.1625371801473901,0,0,0
West Bengal,Jhargram,2026,1,13,-1,-14,0,0.19408901846760995,0,0,0
West Bengal,KOLKATA,2025,51,0,0,0,0,0.22883769135250992,0,0,0
West Bengal,Kalimpong,2026,1,10,-1,-11,0,0.1978167547106746,0,0,0
West Bengal,Koch Bihar,2026,1,20,-1,-21,0,0.16680090950086995,0,0,0
West Bengal,Kolkata,2026,1,202,38,-164,0,0.1770258387094954,0,0,0
West Bengal,MALDA,2026,1,-1,0,1,0,0.22023305520082254,0,0,0
West Bengal,Malda,2026,1,292,121,-171,0,0.15449804541099493,0,0,0
West Bengal,Maldah,2026,1,23,16,-7,0,0.21953293713432076,0,0,0
West Bengal,Medinipur,2026,1,0,0,0,0,0.22883769135250992,0,0,0
West Bengal,Medinipur West,2025,27,0,0,0,0,0.1609480191955433,0,0,0
West Bengal,Murshidabad,2026,1,508,173,-335,0,0.157366240123046,0,0,0
West Bengal,NADIA,2025,52,0,0,0,0,0.22883769135250992,0,0,0
West Bengal,Nadia,2026,1,234,68,-166,0,0.18750080633251298,0,0,0
West Bengal,Naihati Anandabazar,2025,44,0,0,0,0,0.22883769135250992,0,0,0
West Bengal,North 24 Parganas,2026,1,520,115,-405,0,0.15675620018774994,0,0,0
West Bengal,North Dinajpur,2026,1,-1,-1,0,0,0.22509819554917515,0,0,0
West Bengal,North Twenty Four Parganas,2026,1,15,-1,-16,0,0.1915331328073912,0,0,0
West Bengal,Paschim Bardhaman,2026,1,19,-1,-20,0,0.1756153691640328,0,0,0
West Bengal,Paschim Medinipur,2026,1,331,75,-256,0,0.17207120697250616,0,0,0
West Bengal,Purba Bardhaman,2026,1,35,22,-13,0,0.215915664040506,0,0,0
West Bengal,Purba Medinipur,2026,1,236,60,-176,0,0.2156480993300786,0,0,0
West Bengal,Purulia,2026,1,-1,-1,0,0,0.22545250740149558,0,0,0
West Bengal,Puruliya,2026,1,182,101,-81,0,0.16074729938638915,0,0,0
West Bengal,South  Twenty Four Parganas,2025,50,0,0,0,0,0.22883769135250992,0,0,0
West Bengal,South 24 Pargana,2026,1,0,0,0,0,0.22977775205298745,0,0,0
West Bengal,South 24 Parganas,2026,1,443,144,-299,0,0.10670604752894425,0,0,0
West Bengal,South 24 pargana,2025,45,0,0,0,0,0.22883769135250992,0,0,0
West Bengal,South 24 parganas,2025,50,0,0,0,0,0.22883769135250992,0,0,0
West Bengal,South Dinajpur,2026,1,-1,-1,0,0,0.22509819554917515,0,0,0
West Bengal,South DumDum(M),2025,50,0,0,0,0,0.22883769135250992,0,0,0
West Bengal,South Twenty Four Parganas,2026,1,25,15,-10,0,0.2151074292013347,0,0,0
West Bengal,Uttar Dinajpur,2026,1,142,75,-67,0,0.14895688904920595,0,0,0
West Bengal,West Medinipur,2025,52,0,0,0,0,0.22883769135250992,0,0,0
West Bengal,West Midnapore,2026,1,20,-1,-21,0,0.17044787286730223,0,0,0
West Bengal,east midnapore,2025,44,0,0,0,0,0.22883769135250992,0,0,0
West Bengal,hooghly,2026,1,0,0,0,0,0.22883769135250992,0,0,0
West Bengal,nadia,2025,51,0,0,0,0,0.22883769135250992,0,0,0
West Bengli,Hooghly,2025,49,0,0,0,0,0.22883769135250992,0,0,0
West bengal,Hooghly,2025,49,0,0,0,0,0.22883769135250992,0,0,0
West bengal,South 24 Parganas,2025,52,0,0,0,0,0.22883769135250992,0,0,0
West bengal,hooghly,2026,1,0,0,0,0,0.22883769135250992,0,0,0
Westbengal,Hooghly,2026,1,0,0,0,0,0.22883769135250992,0,0,0
Westbengal,Howrah,2025,49,0,0,0,0,0.22883769135250992,0,0,0
andhra pradesh,chittoor,2025,52,0,0,0,0,0.22883769135250992,0,0,0
andhra pradesh,rangareddi,2025,52,0,0,0,0,0.22883769135250992,0,0,0
odisha,Gajapati,2025,50,0,0,0,0,0.22883769135250992,0,0,0
west Bengal,South 24 Parganas,2025,51,0,0,0,0,0.22883769135250992,0,0,0
