state,district,ds,yhat,yhat_reconciled,yhat_lower,yhat_lower_reconciled,yhat_upper,yhat_upper_reconciled,avg_bio_share
100000,100000,2026-01-11,0.0,0.0,0.0,0.0,2.09653921729817e-09,0.0,
100000,100000,2026-01-18,0.0,0.0,0.0,0.0,2.607125567322935e-09,0.0,
100000,100000,2026-01-25,0.0,0.0,0.0,0.0,3.881185127014945e-09,0.0,
100000,100000,2026-02-01,0.0,0.0,0.0,0.0,5.420981519721501e-09,0.0,
Andaman & Nicobar Islands,Andamans,2026-01-11,0.0,0.0,0.0,0.0,0.0,0.0,0.9195679210326612
Andaman & Nicobar Islands,Andamans,2026-01-18,0.0,0.0,0.0,0.0,0.0,0.0,0.9195679210326612
Andaman & Nicobar Islands,Andamans,2026-01-25,0.0,0.0,0.0,0.0,0.0,0.0,0.9195679210326612
Andaman & Nicobar Islands,Andamans,2026-02-01,0.0,0.0,0.0,0.0,0.0,0.0,0.9195679210326612
Andaman & Nicobar Islands,Nicobars,2025-12-14,0.0,0.0,0.0,0.0,2.048221851905008e-09,0.0,-0.019230769230769232
Andaman & Nicobar Islands,Nicobars,2025-12-21,0.0,0.0,0.0,0.0,2.505111409223247e-09,0.0,-0.019230769230769232
Andaman & Nicobar Islands,Nicobars,2025-12-28,0.0,0.0,0.0,0.0,3.2054663150166192e-09,0.0,-0.019230769230769232
Andaman & Nicobar Islands,Nicobars,2026-01-04,0.0,0.0,0.0,0.0,4.67174033912306e-09,0.0,-0.019230769230769232
Andaman & Nicobar Islands,South Andaman,2026-01-11,0.0,0.0,0.0,0.0,0.0,0.0,0.11237097708465683
Andaman & Nicobar Islands,South Andaman,2026-01-18,0.0,0.0,0.0,0.0,0.0,0.0,0.11237097708465683
Andaman & Nicobar Islands,South Andaman,2026-01-25,0.0,0.0,0.0,0.0,0.0,0.0,0.11237097708465683
Andaman & Nicobar Islands,South Andaman,2026-02-01,0.0,0.0,0.0,0.0,0.0,0.0,0.11237097708465683
Andaman and Nicobar Islands,Nicobar,2026-01-11,0.0,0.0,0.0,0.0,0.0,0.0,0.07930505775937627
Andaman and Nicobar Islands,Nicobar,2026-01-18,0.0,0.0,0.0,0.0,0.0,0.0,0.07930505775937627
Andaman and Nicobar Islands,Nicobar,2026-01-25,0.0,0.0,0.0,0.0,0.0,0.0,0.07930505775937627
Andaman and Nicobar Islands,Nicobar,2026-02-01,0.0,0.0,0.0,0.0,0.0,0.0,0.07930505775937627
Andaman and Nicobar Islands,North And Middle Andaman,2026-01-11,0.0,0.0,0.0,0.0,0.0,0.0,0.330170607716345
Andaman and Nicobar Islands,North And Middle Andaman,2026-01-18,0.0,0.0,0.0,0.0,0.0,0.0,0.330170607716345
Andaman and Nicobar Islands,North And Middle Andaman,2026-01-25,0.0,0.0,0.0,0.0,0.0,0.0,0.330170607716345
Andaman and Nicobar Islands,North And Middle Andaman,2026-02-01,0.0,0.0,0.0,0.0,0.0,0.0,0.330170607716345
Andaman and Nicobar Islands,South Andaman,2026-01-11,0.0,0.0,0.0,0.0,0.0,0.0,0.5905243345242788
Andaman and Nicobar Islands,South Andaman,2026-01-18,0.0,0.0,0.0,0.0,0.0,0.0,0.5905243345242788
Andaman and Nicobar Islands,South Andaman,2026-01-25,0.0,0.0,0.0,0.0,0.0,0.0,0.5905243345242788
Andaman and Nicobar Islands,South Andaman,2026-02-01,0.0,0.0,0.0,0.0,0.0,0.0,0.5905243345242788
Andhra Pradesh,Adilabad,2026-01-11,0.0,74.57236789797089,0.0,0.0,0.0,0.0,0.008421999101499896
Andhra Pradesh,Adilabad,2026-01-18,0.0,746.1942127214844,0.0,0.0,0.0,0.0,0.008421999101499896
Andhra Pradesh,Adilabad,2026-01-25,0.0,2522.369024364198,0.0,0.0,0.0,0.0,0.008421999101499896
Andhra Pradesh,Adilabad,2026-02-01,0.0,4930.275247068633,0.0,0.0,0.0,0.0,0.008421999101499896
Andhra Pradesh,Alluri Sitharama Raju,2026-01-11,0.0,41.32526340479285,0.0,0.0,0.0,0.0,0.004667162128210792
Andhra Pradesh,Alluri Sitharama Raju,2026-01-18,617.4260269978513,845.711605439175,546.2096933853919,748.1639200496594,688.8553538205372,943.551035623843,0.004667162128210792
Andhra Pradesh,Alluri Sitharama Raju,2026-01-25,4573.686534836076,4599.3847111475125,4497.581386550953,4522.851950802851,4648.229150695491,4674.346159664233,0.004667162128210792
Andhra Pradesh,Alluri Sitharama Raju,2026-02-01,12278.475848275346,11327.110292752053,12207.750113842394,11261.86455668861,12349.86317436225,11392.966358772217,0.004667162128210792
Andhra Pradesh,Anakapalli,2026-01-11,0.0,15.970222983449544,0.0,0.0,0.0,0.0,0.0018036332680408935
Andhra Pradesh,Anakapalli,2026-01-18,0.0,159.80299810817652,0.0,0.0,0.0,0.0,0.0018036332680408935
Andhra Pradesh,Anakapalli,2026-01-25,0.0,540.1839434783243,0.0,0.0,0.0,0.0,0.0018036332680408935
Andhra Pradesh,Anakapalli,2026-02-01,0.0,1055.8548331628115,0.0,0.0,0.0,0.0,0.0018036332680408935
Andhra Pradesh,Anantapur,2026-01-11,0.0,159.8411855491223,0.0,0.0,0.0,0.0,0.018052025958451772
Andhra Pradesh,Anantapur,2026-01-18,0.0,1599.4204150052394,0.0,0.0,0.0,0.0,0.018052025958451772
Andhra Pradesh,Anantapur,2026-01-25,6130.421137791943,9697.834331290918,5603.853903551817,8864.847218796052,6651.038992766158,10521.4100031689,0.018052025958451772
Andhra Pradesh,Anantapur,2026-02-01,22119.322679130026,26051.261120879783,21573.84735968085,25408.821920181585,22622.58026007841,26643.977943294904,0.018052025958451772
Andhra Pradesh,Ananthapur,2026-01-11,1605.023511785348,1318.1455177077614,895.579763387936,735.5060173208624,2343.663442118387,1924.7627455672125,0.021980873211963518
Andhra Pradesh,Ananthapur,2026-01-18,13754.525654273231,11575.686615219664,13045.784738671213,10979.216556083604,14421.23987157848,12136.787378373885,0.021980873211963518
Andhra Pradesh,Ananthapur,2026-01-25,43914.77421637593,37323.562045663755,43149.40679544257,36673.06938271199,44655.43150648895,37953.05334592411,0.021980873211963518
Andhra Pradesh,Ananthapur,2026-02-01,84028.84553729354,71687.89155166084,83276.66362786885,71046.17935384151,84763.13055654506,72314.3352983472,0.021980873211963518
Andhra Pradesh,Ananthapuramu,2026-01-11,2044.6491213577572,1705.415518099095,902.656283580763,752.893989217105,3241.259907085808,2703.4931744503333,0.030963007909355623
Andhra Pradesh,Ananthapuramu,2026-01-18,15806.589269823671,13807.953711306287,14518.687532769034,12682.898377331649,16966.112503942008,14820.863129687647,0.030963007909355623
Andhra Pradesh,Ananthapuramu,2026-01-25,47168.74232683695,42291.468047665796,45952.89360473661,41201.33876193654,48356.48472778872,43356.397221538,0.030963007909355623
Andhra Pradesh,Ananthapuramu,2026-02-01,84168.78937597813,77044.0333226708,83056.84397598797,76026.21235738219,85258.22900502193,78041.25359523711,0.030963007909355623
Andhra Pradesh,Annamayya,2026-01-11,73.95937389714692,77.7030958642626,0.0,0.0,159.3619406762188,167.4286233236602,0.0029286364822812072
Andhra Pradesh,Annamayya,2026-01-18,654.1030385749924,717.3510901211266,571.9688651369647,627.2750082543829,740.1889404802433,811.7610101703087,0.0029286364822812072
Andhra Pradesh,Annamayya,2026-01-25,1707.4661620625357,2072.3460872055,1622.8105437784354,1969.599840627413,1794.2605374716316,2177.6881362995878,0.0029286364822812072
Andhra Pradesh,Annamayya,2026-02-01,2336.239684795363,3349.804432963344,2250.7717985383742,3227.2567739526016,2417.994087020003,3467.027533302193,0.0029286364822812072
Andhra Pradesh,Bapatla,2026-01-11,0.0,21.622118998560275,0.0,0.0,0.0,0.0,0.0024419429329044203
Andhra Pradesh,Bapatla,2026-01-18,0.0,216.3576203665104,0.0,0.0,0.0,0.0,0.0024419429329044203
Andhra Pradesh,Bapatla,2026-01-25,510.1763955460118,1088.4796714140043,463.8684203658892,989.6799424419066,556.9783665956033,1188.3333583237365,0.0024419429329044203
Andhra Pradesh,Bapatla,2026-02-01,1912.1831870093013,2768.052344095825,1864.5371920953005,2699.080600800272,1961.4906038809445,2839.429140932078,0.0024419429329044203
Andhra Pradesh,Chittoor,2026-01-11,2245.8971520965715,2216.3756922035727,160.18469745246452,158.07913081202392,4453.8279255767775,4395.284059330502,0.07275957011094705
Andhra Pradesh,Chittoor,2026-01-18,40418.11559733284,34739.22282375046,38321.95494158752,32937.58039143675,42402.52013492969,36444.81128044208,0.07275957011094705
Andhra Pradesh,Chittoor,2026-01-25,153449.60919541016,129206.04743576741,151334.4997418246,127425.10492425016,155553.52580925706,130977.56546852714,0.07275957011094705
Andhra Pradesh,Chittoor,2026-02-01,326712.3132966189,271292.391069194,324425.30910627835,269393.32938730554,328869.7997767759,273083.9050161136,0.07275957011094705
Andhra Pradesh,Cuddapah,2026-01-11,0.0,463.78072163393466,0.0,0.0,0.0,0.0,0.05237812518221313
Andhra Pradesh,Cuddapah,2026-01-18,0.0,4640.733561371226,0.0,0.0,0.0,0.0,0.05237812518221313
Andhra Pradesh,Cuddapah,2026-01-25,0.0,15687.125933123845,0.0,0.0,0.0,0.0,0.05237812518221313
Andhra Pradesh,Cuddapah,2026-02-01,0.0,30662.38442458836,0.0,0.0,0.0,0.0,0.05237812518221313
Andhra Pradesh,Dr. B. R. Ambedkar Konaseema,2026-01-11,168.15325678278532,142.87263607875693,99.00689854482448,84.12193052765927,238.6101075278476,202.7368111078374,0.0028421064582119827
Andhra Pradesh,Dr. B. R. Ambedkar Konaseema,2026-01-18,1788.4996883167178,1503.7621324877628,1716.2689693813295,1443.0308834710902,1864.594621439992,1567.7423946328825,0.0028421064582119827
Andhra Pradesh,Dr. B. R. Ambedkar Konaseema,2026-01-25,5454.788727314596,4669.556343143779,5386.81939363041,4611.371388765078,5520.494851120619,4725.803883156726,0.0028421064582119827
Andhra Pradesh,Dr. B. R. Ambedkar Konaseema,2026-02-01,9634.1654045238,8407.697380811444,9567.141568347968,8349.205948683564,9700.364360542764,8465.46894334573,0.0028421064582119827
Andhra Pradesh,East Godavari,2026-01-11,2318.7183227289497,2495.6374177383937,768.7185100147522,827.3720263887271,4031.962171429681,4339.602427466523,0.09854166838926451
Andhra Pradesh,East Godavari,2026-01-18,37269.80087249792,34819.712012869146,35575.7212637844,33236.999931737344,38818.69990910819,36266.78758422208,0.09854166838926451
Andhra Pradesh,East Godavari,2026-01-25,122437.12738632243,115218.98827653853,120824.3627322518,113701.30229568515,124026.18724238708,116714.36694831129,0.09854166838926451
Andhra Pradesh,East Godavari,2026-02-01,224144.19795639583,214587.66384802907,222478.7329088326,212993.2069892945,225745.5054598839,216120.69856143562,0.09854166838926451
Andhra Pradesh,Eluru,2026-01-11,0.0,20.87325457064227,0.0,0.0,17.254529275056644,360.158182054857,0.0023573682343015845
Andhra Pradesh,Eluru,2026-01-18,41.070271930202864,237.61344128368268,0.0,0.0,85.87983458589935,496.86067497942133,0.0023573682343015845
Andhra Pradesh,Eluru,2026-01-25,100.331777435152,776.2585144001796,53.08042826182539,410.67880425901535,147.99196667264343,1145.0013856947578,0.0023573682343015845
Andhra Pradesh,Eluru,2026-02-01,0.0,1380.013713339522,0.0,0.0,0.0,0.0,0.0023573682343015845
Andhra Pradesh,Guntur,2026-01-11,0.0,715.7396716913073,0.0,0.0,0.0,0.0,0.08083367930785582
Andhra Pradesh,Guntur,2026-01-18,0.0,7161.91286244192,0.0,0.0,0.0,0.0,0.08083367930785582
Andhra Pradesh,Guntur,2026-01-25,0.0,24209.49781094289,0.0,0.0,0.0,0.0,0.08083367930785582
Andhra Pradesh,Guntur,2026-02-01,0.0,47320.390731225525,0.0,0.0,0.0,0.0,0.08083367930785582
Andhra Pradesh,Hyderabad,2026-01-11,0.0,140.20309639069444,0.0,0.0,0.0,0.0,0.015834153924755033
Andhra Pradesh,Hyderabad,2026-01-18,0.0,1402.9156117921166,0.0,0.0,0.0,0.0,0.015834153924755033
Andhra Pradesh,Hyderabad,2026-01-25,0.0,4742.292050316645,0.0,0.0,0.0,0.0,0.015834153924755033
Andhra Pradesh,Hyderabad,2026-02-01,0.0,9269.383220379501,0.0,0.0,0.0,0.0,0.015834153924755033
Andhra Pradesh,K.V.Rangareddy,2026-01-11,0.0,1.6933727225273145,0.0,0.0,0.0,0.0,0.00019124487996870397
Andhra Pradesh,K.V.Rangareddy,2026-01-18,0.0,16.944412000690782,0.0,0.0,0.0,0.0,0.00019124487996870397
Andhra Pradesh,K.V.Rangareddy,2026-01-25,0.0,57.277394059018334,0.0,0.0,0.0,0.0,0.00019124487996870397
Andhra Pradesh,K.V.Rangareddy,2026-02-01,0.0,111.95559230947805,0.0,0.0,0.0,0.0,0.00019124487996870397
Andhra Pradesh,K.v. Rangareddy,2026-01-11,0.0,1.96699425339737,0.0,0.0,0.0,0.0,0.0002221469466737809
Andhra Pradesh,K.v. Rangareddy,2026-01-18,0.0,19.682353795573547,0.0,0.0,0.0,0.0,0.0002221469466737809
Andhra Pradesh,K.v. Rangareddy,2026-01-25,0.0,66.5324907298124,0.0,0.0,0.0,0.0,0.0002221469466737809
Andhra Pradesh,K.v. Rangareddy,2026-02-01,0.0,130.04579782044408,0.0,0.0,0.0,0.0,0.0002221469466737809
Andhra Pradesh,Kakinada,2026-01-11,0.0,35.64420693398983,0.0,0.0,0.0,0.0,0.004025559161303057
Andhra Pradesh,Kakinada,2026-01-18,0.0,356.6669757299463,0.0,0.0,0.0,0.0,0.004025559161303057
Andhra Pradesh,Kakinada,2026-01-25,0.0,1205.6455494525053,0.0,0.0,0.0,0.0,0.004025559161303057
Andhra Pradesh,Kakinada,2026-02-01,0.0,2356.5800054583474,0.0,0.0,0.0,0.0,0.004025559161303057
Andhra Pradesh,Karim Nagar,2026-01-11,0.0,2.198971422098998,0.0,0.0,0.0,0.0,0.00024834581310975956
Andhra Pradesh,Karim Nagar,2026-01-18,0.0,22.003589202842683,0.0,0.0,0.0,0.0,0.00024834581310975956
Andhra Pradesh,Karim Nagar,2026-01-25,0.0,74.37898992497361,0.0,0.0,0.0,0.0,0.00024834581310975956
Andhra Pradesh,Karim Nagar,2026-02-01,0.0,145.38272924656584,0.0,0.0,0.0,0.0,0.00024834581310975956
Andhra Pradesh,Karimnagar,2026-01-11,0.0,28.331740085070805,0.0,0.0,0.0,0.0,0.0031997091719932827
Andhra Pradesh,Karimnagar,2026-01-18,0.0,283.49616733015625,0.0,0.0,0.0,0.0,0.0031997091719932827
Andhra Pradesh,Karimnagar,2026-01-25,0.0,958.3054100507459,0.0,0.0,0.0,0.0,0.0031997091719932827
Andhra Pradesh,Karimnagar,2026-02-01,0.0,1873.12379618842,0.0,0.0,0.0,0.0,0.0031997091719932827
Andhra Pradesh,Khammam,2026-01-11,0.0,99.2525211504799,0.0,0.0,0.0,0.0,0.011209308052207982
Andhra Pradesh,Khammam,2026-01-18,0.0,993.1514710896021,0.0,0.0,0.0,0.0,0.011209308052207982
Andhra Pradesh,Khammam,2026-01-25,0.0,3357.1615331103753,0.0,0.0,0.0,0.0,0.011209308052207982
Andhra Pradesh,Khammam,2026-02-01,0.0,6561.9781432564905,0.0,0.0,0.0,0.0,0.011209308052207982
Andhra Pradesh,Krishna,2026-01-11,0.0,596.2079104477375,0.0,0.0,0.0,0.0,0.06733408939042962
Andhra Pradesh,Krishna,2026-01-18,0.0,5965.841033284073,0.0,0.0,622.9544133934328,3716447.0012879507,0.06733408939042962
Andhra Pradesh,Krishna,2026-01-25,25467.55541040161,37993.69100548394,24623.71788105917,36734.81468885194,26300.68550515923,39236.59347011006,0.06733408939042962
Andhra Pradesh,Krishna,2026-02-01,71845.73843473964,89709.6884339216,71068.49394895548,88739.18743865358,72689.05252625211,90762.68678914399,0.06733408939042962
Andhra Pradesh,Kurnool,2026-01-11,4086.180971268536,3713.1341046924817,418.7684300580129,380.537071302109,7885.785092785817,7165.854321231504,0.09631373614530792
Andhra Pradesh,Kurnool,2026-01-18,45505.253628342594,40387.132798035396,41651.029718867634,36966.40572909811,49236.25013399838,43698.49224179584,0.09631373614530792
Andhra Pradesh,Kurnool,2026-01-25,151936.3808429389,135201.20520221707,147891.6801927438,131602.0119112181,155821.83164528754,138658.6893697154,0.09631373614530792
Andhra Pradesh,Kurnool,2026-02-01,291911.99608005385,260720.88121822942,288148.72828261496,257359.7226855757,295619.39889813506,264032.14400544285,0.09631373614530792
Andhra Pradesh,Mahabub Nagar,2026-01-11,0.0,5.754040306979257,0.0,0.0,0.0,0.0,0.0006498455615849111
Andhra Pradesh,Mahabub Nagar,2026-01-18,0.0,57.576709682983044,0.0,0.0,0.0,0.0,0.0006498455615849111
Andhra Pradesh,Mahabub Nagar,2026-01-25,0.0,194.62722512881956,0.0,0.0,0.0,0.0,0.0006498455615849111
Andhra Pradesh,Mahabub Nagar,2026-02-01,0.0,380.4224446104378,0.0,0.0,0.0,0.0,0.0006498455615849111
Andhra Pradesh,Mahabubnagar,2026-01-11,7.052839415797322,4.822810880497365,3.0091698158440265,2.057704149141778,10.886502543148488,7.444312824996207,-1.289480515183022e-05
Andhra Pradesh,Mahabubnagar,2026-01-18,41.434236657950265,27.861478127319867,37.72297568189289,25.365927953129365,45.4640448431594,30.57122788176492,-1.289480515183022e-05
Andhra Pradesh,Mahabubnagar,2026-01-25,106.13723589618432,70.4341011567563,102.06941337142894,67.73463926878516,110.2113091657889,73.13771112330983,-1.289480515183022e-05
Andhra Pradesh,Mahabubnagar,2026-02-01,163.58692568490497,106.96217243463089,159.87263931512047,104.53356674078877,167.81301163606173,109.72542097872228,-1.289480515183022e-05
Andhra Pradesh,Mahbubnagar,2026-01-11,0.0,17.971334702357712,0.0,0.0,0.0,0.0,0.0020296333478788315
Andhra Pradesh,Mahbubnagar,2026-01-18,0.0,179.82674183187618,0.0,0.0,0.0,0.0,0.0020296333478788315
Andhra Pradesh,Mahbubnagar,2026-01-25,0.0,607.8704385749015,0.0,0.0,0.0,0.0,0.0020296333478788315
Andhra Pradesh,Mahbubnagar,2026-02-01,0.0,1188.1562720530246,0.0,0.0,0.0,0.0,0.0020296333478788315
Andhra Pradesh,Medak,2026-01-11,0.0,44.34339679849016,0.0,0.0,0.0,0.0,0.005008021852079332
Andhra Pradesh,Medak,2026-01-18,0.0,443.71376417492166,0.0,0.0,0.0,0.0,0.005008021852079332
Andhra Pradesh,Medak,2026-01-25,0.0,1499.8908264872941,0.0,0.0,0.0,0.0,0.005008021852079332
Andhra Pradesh,Medak,2026-02-01,0.0,2931.7179777053484,0.0,0.0,0.0,0.0,0.005008021852079332
Andhra Pradesh,N. T. R,2026-01-11,0.0,31.881978102442137,0.0,0.0,0.0,0.0,0.0036006633355156366
Andhra Pradesh,N. T. R,2026-01-18,548.6582393759431,703.0817162167531,510.16476103372594,653.7539947433969,586.7531690310593,751.8987148487979,0.0036006633355156366
Andhra Pradesh,N. T. R,2026-01-25,2878.0606307352227,3093.0326853524925,2842.183424524527,3054.4756896159342,2917.772873024014,3135.711168945276,0.0036006633355156366
Andhra Pradesh,N. T. R,2026-02-01,6779.946489156644,6853.806666135426,6742.087119466094,6815.534859598933,6817.596727476023,6891.867063040866,0.0036006633355156366
Andhra Pradesh,Nalgonda,2026-01-11,0.0,37.42154653464766,0.0,0.0,0.0,0.0,0.004226287030643086
Andhra Pradesh,Nalgonda,2026-01-18,0.0,374.4515863227886,0.0,0.0,0.0,0.0,0.004226287030643086
Andhra Pradesh,Nalgonda,2026-01-25,0.0,1265.763076639102,0.0,0.0,0.0,0.0,0.004226287030643086
Andhra Pradesh,Nalgonda,2026-02-01,0.0,2474.0869813766567,0.0,0.0,0.0,0.0,0.004226287030643086
Andhra Pradesh,Nandyal,2026-01-11,0.0,28.20800527799287,0.0,0.0,0.0,0.0,0.003185734901584431
Andhra Pradesh,Nandyal,2026-01-18,0.0,282.2580385224444,0.0,0.0,105.23593168352808,29703.687659074596,0.003185734901584431
Andhra Pradesh,Nandyal,2026-01-25,1528.0459660487286,2023.752324995633,1389.4979091926862,1840.2585306884653,1674.785217757612,2218.0945819775166,0.003185734901584431
Andhra Pradesh,Nandyal,2026-02-01,4245.71740641336,4836.945381432595,4104.132846721004,4675.644777428281,4379.594551583437,4989.465291973891,0.003185734901584431
Andhra Pradesh,Nellore,2026-01-11,2244.317915716805,1946.7735029288958,879.8914336117303,763.238272266941,3552.0728359106865,3081.1505041235837,0.04243628508709508
Andhra Pradesh,Nellore,2026-01-18,21175.62798821333,18582.82010939863,19706.82750233726,17293.863993394665,22390.414691952883,19648.864658322826,0.04243628508709508
Andhra Pradesh,Nellore,2026-01-25,68502.78227619122,60661.51568076264,67235.72364321671,59539.49268288299,69940.65335720319,61934.798841380165,0.04243628508709508
Andhra Pradesh,Nellore,2026-02-01,131146.3981868106,116644.86631843547,129806.32971930991,115452.97611473722,132499.18683864997,117848.07017025707,0.04243628508709508
Andhra Pradesh,Nizamabad,2026-01-11,0.0,23.54582465873828,0.0,0.0,0.0,0.0,0.002659200984355007
Andhra Pradesh,Nizamabad,2026-01-18,0.0,235.60681508925768,0.0,0.0,0.0,0.0,0.002659200984355007
Andhra Pradesh,Nizamabad,2026-01-25,0.0,796.4244725817292,0.0,0.0,0.0,0.0,0.002659200984355007
Andhra Pradesh,Nizamabad,2026-02-01,0.0,1556.7079302835748,0.0,0.0,0.0,0.0,0.002659200984355007
Andhra Pradesh,Palnadu,2026-01-11,0.0,23.748344083263486,0.0,0.0,0.0,0.0,0.002682072973799155
Andhra Pradesh,Palnadu,2026-01-18,0.0,237.63328718346756,0.0,0.0,0.0,0.0,0.002682072973799155
Andhra Pradesh,Palnadu,2026-01-25,0.0,803.2745799023571,0.0,0.0,0.0,0.0,0.002682072973799155
Andhra Pradesh,Palnadu,2026-02-01,0.0,1570.0972933135015,0.0,0.0,0.0,0.0,0.002682072973799155
Andhra Pradesh,Parvathipuram Manyam,2026-01-11,0.0,18.90981342469935,0.0,0.0,0.0,0.0,0.002135622565857695
Andhra Pradesh,Parvathipuram Manyam,2026-01-18,0.0,189.21745063076682,0.0,0.0,0.0,0.0,0.002135622565857695
Andhra Pradesh,Parvathipuram Manyam,2026-01-25,0.0,639.613961356667,0.0,0.0,0.0,0.0,0.002135622565857695
Andhra Pradesh,Parvathipuram Manyam,2026-02-01,0.0,1250.2028255564903,0.0,0.0,0.0,0.0,0.002135622565857695
Andhra Pradesh,Prakasam,2026-01-11,0.0,509.1608249625536,0.0,0.0,0.0,0.0,0.057503229832001256
Andhra Pradesh,Prakasam,2026-01-18,0.0,5094.820932216799,0.0,0.0,0.0,0.0,0.057503229832001256
Andhra Pradesh,Prakasam,2026-01-25,0.0,17222.082783564285,0.0,0.0,0.0,0.0,0.057503229832001256
Andhra Pradesh,Prakasam,2026-02-01,0.0,33662.64318607251,0.0,0.0,0.0,0.0,0.057503229832001256
Andhra Pradesh,Rangareddi,2026-01-11,0.0,80.75791979959281,0.0,0.0,0.0,0.0,0.009120578401395754
Andhra Pradesh,Rangareddi,2026-01-18,0.0,808.0887610854801,0.0,0.0,0.0,0.0,0.009120578401395754
Andhra Pradesh,Rangareddi,2026-01-25,0.0,2731.591890085654,0.0,0.0,0.0,0.0,0.009120578401395754
Andhra Pradesh,Rangareddi,2026-02-01,0.0,5339.226636030155,0.0,0.0,0.0,0.0,0.009120578401395754
Andhra Pradesh,Spsr Nellore,2025-07-14,0.0,0.0,0.0,0.0,0.0,0.0,0.0
Andhra Pradesh,Spsr Nellore,2025-07-21,0.0,0.0,0.0,0.0,0.0,0.0,0.0
Andhra Pradesh,Spsr Nellore,2025-07-28,0.0,0.0,0.0,0.0,0.0,0.0,0.0
Andhra Pradesh,Spsr Nellore,2025-08-04,0.0,0.0,0.0,0.0,0.0,0.0,0.0
Andhra Pradesh,Sri Potti Sriramulu Nellore,2026-01-11,550.1906011038209,415.999322941609,358.12442850945854,270.77801672710325,731.4831294152201,553.0746726124465,0.003485910500916558
Andhra Pradesh,Sri Potti Sriramulu Nellore,2026-01-18,3268.110613997987,2596.5312079218556,3063.586397911815,2434.0356340055723,3451.5008522240014,2742.2357243915553,0.003485910500916558
Andhra Pradesh,Sri Potti Sriramulu Nellore,2026-01-25,8508.536334122713,6999.997472270097,8317.312168867404,6842.676797966114,8716.075292731895,7170.740374293754,0.003485910500916558
Andhra Pradesh,Sri Potti Sriramulu Nellore,2026-02-01,13714.423021294404,11640.763425486148,13515.676677610843,11472.06809175549,13924.069885267209,11818.711089971428,0.003485910500916558
Andhra Pradesh,Sri Sathya Sai,2026-01-11,0.0,20.252393997436137,0.0,0.0,0.0,0.0,0.0022872499406616014
Andhra Pradesh,Sri Sathya Sai,2026-01-18,0.0,202.65172771928803,0.0,0.0,8.14706645152063,1651.0170922445047,0.0022872499406616014
Andhra Pradesh,Sri Sathya Sai,2026-01-25,1001.7202005688072,1386.2301457175201,883.9803091714505,1223.2958385967845,1126.3297261745813,1558.6709937109995,0.0022872499406616014
Andhra Pradesh,Sri Sathya Sai,2026-02-01,3114.623315379962,3519.2024771853894,2990.7973773164244,3379.2919635058734,3237.109811692325,3657.5995601057166,0.0022872499406616014
Andhra Pradesh,Srikakulam,2026-01-11,4391.7793096990135,3510.3589413243576,3157.497778178305,2523.7949760730653,5624.859450320893,4495.962632166046,0.049253456382282304
Andhra Pradesh,Srikakulam,2026-01-18,33080.362007507574,27520.13942163397,31846.628780659117,26493.774885349074,34311.09464752561,28544.007716556658,0.049253456382282304
Andhra Pradesh,Srikakulam,2026-01-25,98663.8102080563,83815.96208455913,97340.19598676468,82691.53764613111,99791.88668051802,84774.27511387506,0.049253456382282304
Andhra Pradesh,Srikakulam,2026-02-01,179465.32015461975,154458.91369987058,178215.7065691567,153383.41924339882,180627.91757880195,155459.5166857552,0.049253456382282304
Andhra Pradesh,Tirupati,2026-01-11,255.16743429115945,205.4448976993382,129.8519456172315,104.5486848958626,368.3474118237736,296.570354089942,0.0030298462898237593
Andhra Pradesh,Tirupati,2026-01-18,1699.7168832073114,1458.2480315081314,1581.4036438994187,1356.7428631906134,1817.670069652212,1559.4442975702887,0.0030298462898237593
Andhra Pradesh,Tirupati,2026-01-25,4805.095957233439,4270.999044364508,4683.058875560418,4162.526650921901,4923.221483435771,4375.994660272186,0.0030298462898237593
Andhra Pradesh,Tirupati,2026-02-01,8399.523835507382,7653.3520041139245,8277.19123452262,7541.886821652347,8515.232386495853,7758.781584164308,0.0030298462898237593
Andhra Pradesh,Visakhapatnam,2026-01-11,3516.2012772474845,3232.558919365939,2834.50250018316,2605.850921624365,4252.038535619244,3909.038194924768,0.08709925270124591
Andhra Pradesh,Visakhapatnam,2026-01-18,37874.71685622181,34229.348252905824,37191.06674451635,33611.49814869151,38532.26705831644,34823.61051357718,0.08709925270124591
Andhra Pradesh,Visakhapatnam,2026-01-25,129320.1680907931,116610.14004507811,128640.25821098352,115997.05403171193,129997.51222244918,117220.91248078723,0.08709925270124591
Andhra Pradesh,Visakhapatnam,2026-02-01,258938.3807118349,232245.15140022076,258290.0071807059,231663.61687263547,259660.9312029268,232893.2161936153,0.08709925270124591
Andhra Pradesh,Vizianagaram,2026-01-11,0.0,395.0902799452201,0.0,0.0,0.0,0.0,0.04462041472603589
Andhra Pradesh,Vizianagaram,2026-01-18,0.0,3953.3957242848423,0.0,0.0,0.0,0.0,0.04462041472603589
Andhra Pradesh,Vizianagaram,2026-01-25,0.0,13363.709803672722,0.0,0.0,0.0,0.0,0.04462041472603589
Andhra Pradesh,Vizianagaram,2026-02-01,0.0,26120.98666675619,0.0,0.0,0.0,0.0,0.04462041472603589
Andhra Pradesh,Warangal,2026-01-11,0.0,82.15432923768554,0.0,0.0,0.0,0.0,0.009278285060905797
Andhra Pradesh,Warangal,2026-01-18,0.0,822.0616664747806,0.0,0.0,0.0,0.0,0.009278285060905797
Andhra Pradesh,Warangal,2026-01-25,0.0,2778.8246655929847,0.0,0.0,0.0,0.0,0.009278285060905797
Andhra Pradesh,Warangal,2026-02-01,444.1305187350881,5742.440169963017,342.5609023933618,4429.183322427262,537.5511713142712,6950.333988209823,0.009278285060905797
Andhra Pradesh,West Godavari,2026-01-11,6007.620593807369,4768.056047872918,4464.891509610382,3543.6413856492013,7632.374222113075,6057.5709636004485,0.06355224078887342
Andhra Pradesh,West Godavari,2026-01-18,41791.33794693573,34884.70352336134,40326.33259154756,33661.81189094352,43373.58824989388,36205.46364806778,0.06355224078887342
Andhra Pradesh,West Godavari,2026-01-25,120160.11669359516,103145.82909665568,118614.84165810466,101819.36005598,121728.51595565346,104492.14804749445,0.06355224078887342
Andhra Pradesh,West Godavari,2026-02-01,212977.0842479912,186287.71972931825,211414.90038590183,184921.3019736516,214480.9088130953,187603.0915219942,0.06355224078887342
Andhra Pradesh,Y. S. R,2026-01-11,0.0,23.794783337665574,0.0,0.0,0.0,0.0,0.0026873176960719395
Andhra Pradesh,Y. S. R,2026-01-18,0.0,238.09797274803694,0.0,0.0,0.0,0.0,0.0026873176960719395
Andhra Pradesh,Y. S. R,2026-01-25,0.0,804.845361950993,0.0,0.0,0.0,0.0,0.0026873176960719395
Andhra Pradesh,Y. S. R,2026-02-01,866.5645562409385,2179.7627661252727,778.6271173681755,1958.5642949637422,945.5357954321958,2378.4075936157874,0.0026873176960719395
Arunachal Pradesh,Anjaw,2026-01-11,0.0,0.7023339708015965,0.0,0.0,0.0,0.0,0.012316797698556588
Arunachal Pradesh,Anjaw,2026-01-18,0.0,1.6512817341900279,0.0,0.0,0.0,0.0,0.012316797698556588
Arunachal Pradesh,Anjaw,2026-01-25,0.0,3.0115066142181828,0.0,0.0,0.0,0.0,0.012316797698556588
Arunachal Pradesh,Anjaw,2026-02-01,0.0,4.310086620251428,0.0,0.0,0.0,0.0,0.012316797698556588
Arunachal Pradesh,Changlang,2026-01-11,0.0,7.065471869583284,0.0,0.0,0.0,0.0,0.12390684671450022
Arunachal Pradesh,Changlang,2026-01-18,0.0,16.61187572681458,0.0,0.0,0.0,0.0,0.12390684671450022
Arunachal Pradesh,Changlang,2026-01-25,0.0,30.295722764965536,0.0,0.0,0.0,0.0,0.12390684671450022
Arunachal Pradesh,Changlang,2026-02-01,0.0,43.35942306207542,0.0,0.0,0.0,0.0,0.12390684671450022
Arunachal Pradesh,Dibang Valley,2026-01-11,0.0,0.29438158624893757,0.0,0.0,0.0,0.0,0.005162555984398797
Arunachal Pradesh,Dibang Valley,2026-01-18,0.0,0.692130747570059,0.0,0.0,0.0,0.0,0.005162555984398797
Arunachal Pradesh,Dibang Valley,2026-01-25,0.0,1.262265718232151,0.0,0.0,0.0,0.0,0.005162555984398797
Arunachal Pradesh,Dibang Valley,2026-02-01,0.0,1.8065623889611993,0.0,0.0,0.0,0.0,0.005162555984398797
Arunachal Pradesh,East Kameng,2026-01-11,0.0,3.4419296845073664,0.0,0.0,0.0,0.0,0.06036095843171134
Arunachal Pradesh,East Kameng,2026-01-18,0.0,8.092440141983433,0.0,0.0,0.0,0.0,0.06036095843171134
Arunachal Pradesh,East Kameng,2026-01-25,0.0,14.758497298283146,0.0,0.0,0.0,0.0,0.06036095843171134
Arunachal Pradesh,East Kameng,2026-02-01,0.0,21.122451280705864,0.0,0.0,0.0,0.0,0.06036095843171134
Arunachal Pradesh,East Siang,2026-01-11,0.0,3.204717140842794,0.0,0.0,0.0,0.0,0.056200973248961415
Arunachal Pradesh,East Siang,2026-01-18,0.0,7.534721511305499,0.0,0.0,0.0,0.0,0.056200973248961415
Arunachal Pradesh,East Siang,2026-01-25,0.0,13.741364176548984,0.0,0.0,0.0,0.0,0.056200973248961415
Arunachal Pradesh,East Siang,2026-02-01,0.0,19.66672415784211,0.0,0.0,0.0,0.0,0.056200973248961415
Arunachal Pradesh,Kamle,2026-01-11,6.391334434099274,4.475883905552212,6.315733281615097,4.422940035201792,6.4550718736317245,4.52051955757855,3.4193580086927674e-05
Arunachal Pradesh,Kamle,2026-01-18,36.4535151956799,25.522044883271594,36.21557404621807,25.35545615613393,36.637167715524505,25.650624742559224,3.4193580086927674e-05
Arunachal Pradesh,Kamle,2026-01-25,102.53697830328888,71.78424528026765,102.08529844309057,71.46803254990292,102.90800319761516,72.04399295822853,3.4193580086927674e-05
Arunachal Pradesh,Kamle,2026-02-01,185.59901769795505,129.93127794127452,184.9492673633468,129.47641081770055,186.21506288973845,130.3625492919034,3.4193580086927674e-05
Arunachal Pradesh,Kra Daadi,2026-01-11,0.0,0.6393058916890538,0.0,0.0,0.0,0.0,0.011211477249836463
Arunachal Pradesh,Kra Daadi,2026-01-18,0.0,1.5030942335045077,0.0,0.0,0.0,0.0,0.011211477249836463
Arunachal Pradesh,Kra Daadi,2026-01-25,0.0,2.7412513154288427,0.0,0.0,0.0,0.0,0.011211477249836463
Arunachal Pradesh,Kra Daadi,2026-02-01,0.0,3.9232955895213206,0.0,0.0,0.0,0.0,0.011211477249836463
Arunachal Pradesh,Kurung Kumey,2026-01-11,0.0,1.6471113950112353,0.0,0.0,8.548483042920774,14.080303830055126,0.028885314797156038
Arunachal Pradesh,Kurung Kumey,2026-01-18,0.0,3.872580672203654,0.0,0.0,0.0,0.0,0.028885314797156038
Arunachal Pradesh,Kurung Kumey,2026-01-25,0.0,7.06257573554236,0.0,0.0,0.0,0.0,0.028885314797156038
Arunachal Pradesh,Kurung Kumey,2026-02-01,0.0,10.108001436409307,0.0,0.0,0.0,0.0,0.028885314797156038
Arunachal Pradesh,Leparada,2026-01-04,38.109239494298464,26.678785408063526,36.20206123652491,25.34364463513686,40.02225408852735,28.018011971468493,0.00020272966917904848
Arunachal Pradesh,Leparada,2026-01-11,182.65401697852104,127.86937202722235,180.783324485307,126.55976888615675,184.5653792202474,129.20744656622816,0.00020272966917904848
Arunachal Pradesh,Leparada,2026-01-18,403.26037438718,282.30944152203966,401.2260013528,280.88524328273564,405.2480582575323,283.70095419970926,0.00020272966917904848
Arunachal Pradesh,Leparada,2026-01-25,527.7042321202324,369.44253070429363,525.8379836103173,368.1359814472298,529.7577118457835,370.88015939927203,0.00020272966917904848
Arunachal Pradesh,Lohit,2026-01-11,0.0,2.499228149850511,0.0,0.0,0.0,0.0,0.04382884611022526
Arunachal Pradesh,Lohit,2026-01-18,0.0,5.876021899825646,0.0,0.0,0.0,0.0,0.04382884611022526
Arunachal Pradesh,Lohit,2026-01-25,0.0,10.716329291497765,0.0,0.0,0.0,0.0,0.04382884611022526
Arunachal Pradesh,Lohit,2026-02-01,0.0,15.337275793924805,0.0,0.0,0.0,0.0,0.04382884611022526
Arunachal Pradesh,Longding,2026-01-11,0.0,1.74349338012704,0.0,0.0,0.0,0.0,0.03057556112128267
Arunachal Pradesh,Longding,2026-01-18,0.0,4.099187696985691,0.0,0.0,0.0,0.0,0.03057556112128267
Arunachal Pradesh,Longding,2026-01-25,0.0,7.475847765281214,0.0,0.0,0.0,0.0,0.03057556112128267
Arunachal Pradesh,Longding,2026-02-01,0.0,10.699478884106696,0.0,0.0,0.0,0.0,0.03057556112128267
Arunachal Pradesh,Lower Dibang Valley,2026-01-11,0.0,1.8985031371430305,0.0,0.0,0.0,0.0,0.03329395991422346
Arunachal Pradesh,Lower Dibang Valley,2026-01-18,0.0,4.463636507698348,0.0,0.0,0.0,0.0,0.03329395991422346
Arunachal Pradesh,Lower Dibang Valley,2026-01-25,0.0,8.140507212109938,0.0,0.0,0.0,0.0,0.03329395991422346
Arunachal Pradesh,Lower Dibang Valley,2026-02-01,0.0,11.650743535253381,0.0,0.0,0.0,0.0,0.03329395991422346
Arunachal Pradesh,Lower Siang,2026-01-11,0.0,0.4264609076776298,0.0,0.0,0.0,0.0,0.007478824810671174
Arunachal Pradesh,Lower Siang,2026-01-18,0.0,1.002667016647985,0.0,0.0,0.0,0.0,0.007478824810671174
Arunachal Pradesh,Lower Siang,2026-01-25,160.53956409014117,114.20629763267704,142.7774627456826,101.57051003587004,177.77412235376028,126.4667961694578,0.007478824810671174
Arunachal Pradesh,Lower Siang,2026-02-01,668.4865431751637,470.5576876510702,650.5084902212293,457.9026669736306,684.7283969321747,481.99057171596803,0.007478824810671174
Arunachal Pradesh,Lower Subansiri,2026-01-11,0.0,1.8975357222011597,0.0,0.0,0.0,0.0,0.03327699440404604
Arunachal Pradesh,Lower Subansiri,2026-01-18,0.0,4.461361984908185,0.0,0.0,0.0,0.0,0.03327699440404604
Arunachal Pradesh,Lower Subansiri,2026-01-25,0.0,8.136359076582886,0.0,0.0,0.0,0.0,0.03327699440404604
Arunachal Pradesh,Lower Subansiri,2026-02-01,0.0,11.644806698405764,0.0,0.0,0.0,0.0,0.03327699440404604
Arunachal Pradesh,Namsai,2026-01-11,0.0,4.235397828599303,0.0,0.0,0.0,0.0,0.07427597182608739
Arunachal Pradesh,Namsai,2026-01-18,0.0,9.957990588739207,0.0,0.0,0.0,0.0,0.07427597182608739
Arunachal Pradesh,Namsai,2026-01-25,0.0,18.160774083182275,0.0,0.0,0.0,0.0,0.07427597182608739
Arunachal Pradesh,Namsai,2026-02-01,0.0,25.991810550830767,0.0,0.0,0.0,0.0,0.07427597182608739
Arunachal Pradesh,Pakke Kessang,2026-01-11,1.02947918069842,0.7081917252645932,1.0263163090414145,0.7060159459214445,1.032936212834883,0.7105698613152472,-0.0002182246010769858
Arunachal Pradesh,Pakke Kessang,2026-01-18,7.177630600599924,4.99508460330493,7.166355392717629,4.987237916783168,7.188008049384447,5.002306517823744,-0.0002182246010769858
Arunachal Pradesh,Pakke Kessang,2026-01-25,24.23264264294753,16.90949305671385,24.210165853824428,16.89380879498415,24.25391086498485,16.92433398257438,-0.0002182246010769858
Arunachal Pradesh,Pakke Kessang,2026-02-01,53.79956972132528,37.583334237096736,53.76685486496525,37.56048027399877,53.83378066344865,37.60723333664435,-0.0002182246010769858
Arunachal Pradesh,Papum Pare,2026-01-11,0.0,6.534430802340115,0.0,0.0,0.0,0.0,0.11459400458129891
Arunachal Pradesh,Papum Pare,2026-01-18,0.0,15.36332667337411,0.0,0.0,0.0,0.0,0.11459400458129891
Arunachal Pradesh,Papum Pare,2026-01-25,0.0,28.018695377839396,0.0,0.0,0.0,0.0,0.11459400458129891
Arunachal Pradesh,Papum Pare,2026-02-01,0.0,40.10052758800843,0.0,0.0,0.0,0.0,0.11459400458129891
Arunachal Pradesh,Shi-yomi,2026-01-11,0.0,0.1198643241566402,0.0,0.0,0.0,0.0,0.0021020549956120545
Arunachal Pradesh,Shi-yomi,2026-01-18,0.0,0.2818171657494921,0.0,0.0,0.0,0.0,0.0021020549956120545
Arunachal Pradesh,Shi-yomi,2026-01-25,0.0,0.513960907507471,0.0,0.0,0.0,0.0,0.0021020549956120545
Arunachal Pradesh,Shi-yomi,2026-02-01,0.0,0.7355839832200816,0.0,0.0,0.0,0.0,0.0021020549956120545
Arunachal Pradesh,Siang,2026-01-11,0.0,1.229727975632521,0.0,0.0,0.0,0.0,0.02156568147036133
Arunachal Pradesh,Siang,2026-01-18,0.0,2.8912560528246134,0.0,0.0,0.0,0.0,0.02156568147036133
Arunachal Pradesh,Siang,2026-01-25,0.0,5.272895924541053,0.0,0.0,0.0,0.0,0.02156568147036133
Arunachal Pradesh,Siang,2026-02-01,258.567039235524,188.5435282483563,247.7675650234784,180.6687002069078,269.4216031252647,196.45852692498477,0.02156568147036133
Arunachal Pradesh,Tawang,2026-01-11,0.0,3.2887014798312957,0.0,0.0,0.0,0.0,0.05767380263807349
Arunachal Pradesh,Tawang,2026-01-18,0.0,7.732180000706849,0.0,0.0,0.0,0.0,0.05767380263807349
Arunachal Pradesh,Tawang,2026-01-25,0.0,14.101476890541658,0.0,0.0,0.0,0.0,0.05767380263807349
Arunachal Pradesh,Tawang,2026-02-01,0.0,20.182119668857855,0.0,0.0,0.0,0.0,0.05767380263807349
Arunachal Pradesh,Tirap,2026-01-11,0.0,1.9190318432441622,0.0,0.0,0.0,0.0,0.03365397086424511
Arunachal Pradesh,Tirap,2026-01-18,0.0,4.511902259919709,0.0,0.0,0.0,0.0,0.03365397086424511
Arunachal Pradesh,Tirap,2026-01-25,0.0,8.22853133848722,0.0,0.0,0.0,0.0,0.03365397086424511
Arunachal Pradesh,Tirap,2026-02-01,0.0,11.776724201397974,0.0,0.0,0.0,0.0,0.03365397086424511
Arunachal Pradesh,Upper Siang,2026-01-11,0.0,1.7711359203438837,0.0,0.0,0.0,0.0,0.031060327044446678
Arunachal Pradesh,Upper Siang,2026-01-18,0.0,4.164179031086461,0.0,0.0,0.0,0.0,0.031060327044446678
Arunachal Pradesh,Upper Siang,2026-01-25,0.0,7.5943749847489075,0.0,0.0,0.0,0.0,0.031060327044446678
Arunachal Pradesh,Upper Siang,2026-02-01,0.0,10.869115762986981,0.0,0.0,0.0,0.0,0.031060327044446678
Arunachal Pradesh,Upper Subansiri,2026-01-11,0.0,2.7369515032992604,0.0,0.0,0.0,0.0,0.04799778934005209
Arunachal Pradesh,Upper Subansiri,2026-01-18,0.0,6.434941513086403,0.0,0.0,0.0,0.0,0.04799778934005209
Arunachal Pradesh,Upper Subansiri,2026-01-25,0.0,11.73565269179969,0.0,0.0,0.0,0.0,0.04799778934005209
Arunachal Pradesh,Upper Subansiri,2026-02-01,0.0,16.796137656823642,0.0,0.0,0.0,0.0,0.04799778934005209
Arunachal Pradesh,West Kameng,2026-01-11,0.0,5.592804187171097,0.0,0.0,0.0,0.0,0.09808074307213907
Arunachal Pradesh,West Kameng,2026-01-18,0.0,13.149435711669472,0.0,0.0,0.0,0.0,0.09808074307213907
Arunachal Pradesh,West Kameng,2026-01-25,0.0,23.98113647054507,0.0,0.0,0.0,0.0,0.09808074307213907
Arunachal Pradesh,West Kameng,2026-02-01,0.0,34.32194867250968,0.0,0.0,0.0,0.0,0.09808074307213907
Arunachal Pradesh,West Siang,2026-01-11,0.0,4.198736463062821,0.0,0.0,0.0,0.0,0.07363304318894584
Arunachal Pradesh,West Siang,2026-01-18,0.0,9.871794781932708,0.0,0.0,0.0,0.0,0.07363304318894584
Arunachal Pradesh,West Siang,2026-01-25,0.0,18.0035754435189,0.0,0.0,0.0,0.0,0.07363304318894584
Arunachal Pradesh,West Siang,2026-02-01,0.0,25.766826899678893,0.0,0.0,0.0,0.0,0.07363304318894584
Assam,Bajali,2026-01-11,0.0,-0.009320057933619019,0.0,-0.0,2.1275688435520332e-09,-1.982906487966777e-11,-1.3130030560381919e-05
Assam,Bajali,2026-01-18,0.0,-0.12821965715765485,0.0,-0.0,2.803941487295015e-09,-3.5952041619109164e-10,-1.3130030560381919e-05
Assam,Bajali,2026-01-25,0.0,-0.5479410208139819,0.0,-0.0,4.847463886089607e-09,-2.656124310102851e-09,-1.3130030560381919e-05
Assam,Bajali,2026-02-01,0.0,-1.5192326836157415,0.0,-0.0,6.686751775462856e-09,-1.0158731844508758e-08,-1.3130030560381919e-05
Assam,Baksa,2026-01-11,0.0,12.218135280189694,0.0,0.0,0.0,0.0,0.017212821074973475
Assam,Baksa,2026-01-18,0.0,168.08963290676132,0.0,0.0,0.0,0.0,0.017212821074973475
Assam,Baksa,2026-01-25,0.0,718.3235947194204,0.0,0.0,0.0,0.0,0.017212821074973475
Assam,Baksa,2026-02-01,0.0,1991.6389557564669,0.0,0.0,0.0,0.0,0.017212821074973475
Assam,Barpeta,2026-01-11,2021.8280945124131,1490.934378179386,1829.0143402180847,1348.749859305849,2202.7567504242484,1624.3546001205584,0.10658181396978939
Assam,Barpeta,2026-01-18,26125.87531819191,19328.923982357926,25945.337069863464,19195.354866094913,26315.20435972674,19468.996864391902,0.10658181396978939
Assam,Barpeta,2026-01-25,102973.31716554672,76529.18279413771,102789.23994354787,76392.3776512293,103172.7987897134,76677.43640099569,0.10658181396978939
Assam,Barpeta,2026-02-01,237239.97052822576,178400.21077754593,237068.6000906082,178271.3432763237,237429.3815284068,178542.64445885457,0.10658181396978939
Assam,Biswanath,2026-01-11,0.0,6.728171432386402,0.0,0.0,0.0,0.0,0.00947859950570273
Assam,Biswanath,2026-01-18,0.0,92.56206780074467,0.0,0.0,0.0,0.0,0.00947859950570273
Assam,Biswanath,2026-01-25,0.0,395.55989341814495,0.0,0.0,0.0,0.0,0.00947859950570273
Assam,Biswanath,2026-02-01,0.0,1096.7375968962508,0.0,0.0,0.0,0.0,0.00947859950570273
Assam,Bongaigaon,2026-01-11,0.0,28.423922393193397,0.0,0.0,0.0,0.0,0.04004341736142357
Assam,Bongaigaon,2026-01-18,0.0,391.0389409903451,0.0,0.0,0.0,0.0,0.04004341736142357
Assam,Bongaigaon,2026-01-25,0.0,1671.0875793468476,0.0,0.0,0.0,0.0,0.04004341736142357
Assam,Bongaigaon,2026-02-01,0.0,4633.292218123455,0.0,0.0,0.0,0.0,0.04004341736142357
Assam,Cachar,2026-01-11,0.0,48.95103177351525,0.0,0.0,0.0,0.0,0.06896186136676806
Assam,Cachar,2026-01-18,0.0,673.4383580249279,0.0,0.0,0.0,0.0,0.06896186136676806
Assam,Cachar,2026-01-25,0.0,2877.908969119723,0.0,0.0,0.0,0.0,0.06896186136676806
Assam,Cachar,2026-02-01,0.0,7979.350332016614,0.0,0.0,0.0,0.0,0.06896186136676806
Assam,Charaideo,2026-01-11,0.0,7.678674545796644,0.0,0.0,0.0,0.0,0.010817661453139421
Assam,Charaideo,2026-01-18,0.0,105.6385083332791,0.0,0.0,0.0,0.0,0.010817661453139421
Assam,Charaideo,2026-01-25,27.08052674123792,470.3978510668606,12.649970599885265,219.73424088474655,42.134098196068194,731.8834466350766,0.010817661453139421
Assam,Charaideo,2026-02-01,1092.9146788803605,2016.7163291539,1077.3505728089988,1987.9964414358994,1108.193927247096,2044.9105791478348,0.010817661453139421
Assam,Chirang,2026-01-11,0.0,21.59987667430499,0.0,0.0,0.0,0.0,0.030429750850698767
Assam,Chirang,2026-01-18,0.0,297.157893390003,0.0,0.0,0.0,0.0,0.030429750850698767
Assam,Chirang,2026-01-25,4332.672905045944,4302.762117758397,4164.568297619914,4135.818027469241,4501.989764833389,4470.910091574459,0.030429750850698767
Assam,Chirang,2026-02-01,24614.507401342904,20751.081642920843,24437.06293695176,20601.48837633107,24792.23039474618,20900.90972137081,0.030429750850698767
Assam,Darrang,2026-01-11,0.0,19.369131909867715,0.0,0.0,0.0,0.0,0.027287093676453062
Assam,Darrang,2026-01-18,0.0,266.4686711834929,0.0,0.0,0.0,0.0,0.027287093676453062
Assam,Darrang,2026-01-25,0.0,1138.7420535971344,0.0,0.0,0.0,0.0,0.027287093676453062
Assam,Darrang,2026-02-01,0.0,3157.299928854551,0.0,0.0,0.0,0.0,0.027287093676453062
Assam,Dhemaji,2026-01-11,0.0,15.319756854946764,0.0,0.0,0.0,0.0,0.02158236323376205
Assam,Dhemaji,2026-01-18,0.0,210.75984566516132,0.0,0.0,0.0,0.0,0.02158236323376205
Assam,Dhemaji,2026-01-25,0.0,900.6728573479988,0.0,0.0,0.0,0.0,0.02158236323376205
Assam,Dhemaji,2026-02-01,11430.077190757724,10498.278351753492,11367.796913368284,10441.075265812178,11495.161210199887,10558.056614047928,0.02158236323376205
Assam,Dhubri,2026-01-11,0.0,44.09605086245551,0.0,0.0,0.0,0.0,0.06212219919016909
Assam,Dhubri,2026-01-18,0.0,606.6464998243945,0.0,0.0,0.0,0.0,0.06212219919016909
Assam,Dhubri,2026-01-25,0.0,2592.4769240202477,0.0,0.0,0.0,0.0,0.06212219919016909
Assam,Dhubri,2026-02-01,26612.66302366196,25816.819617030007,26452.373670695943,25661.32366728703,26765.00851242959,25964.60926136155,0.06212219919016909
Assam,Dibrugarh,2026-01-11,292.9166888517502,221.55073695277477,232.9686876137078,176.20841144309327,354.7329542168322,268.3061444407847,0.023257837560709725
Assam,Dibrugarh,2026-01-18,3734.490672755432,2841.2649497820767,3672.077324103298,2793.7797970629795,3793.015007806552,2885.7912738409773,0.023257837560709725
Assam,Dibrugarh,2026-01-25,15477.08169282983,11804.550756437911,15407.940186364098,11751.81572287991,15537.330910879353,11850.503537887063,0.023257837560709725
Assam,Dibrugarh,2026-02-01,37090.44358657414,28654.39845666287,37028.75754812691,28606.742614511666,37156.79730887422,28705.660340156697,0.023257837560709725
Assam,Dima Hasao,2026-01-11,0.0,-0.015784261527193647,0.0,-0.0,2.0036688421433823e-09,-3.162643301828043e-11,-2.2236754073977948e-05
Assam,Dima Hasao,2026-01-18,0.0,-0.21715021686755337,0.0,-0.0,2.288020337860156e-09,-4.968441125637056e-10,-2.2236754073977948e-05
Assam,Dima Hasao,2026-01-25,0.0,-0.9279818253926846,0.0,-0.0,2.750745123492818e-09,-2.552641480888891e-09,-2.2236754073977948e-05
Assam,Dima Hasao,2026-02-01,0.0,-2.5729417316550505,0.0,-0.0,3.3511543247478477e-09,-8.622324811360039e-09,-2.2236754073977948e-05
Assam,Goalpara,2026-01-11,0.0,23.197203762632,0.0,0.0,0.0,0.0,0.03268005376019105
Assam,Goalpara,2026-01-18,0.0,319.13294258955193,0.0,0.0,0.0,0.0,0.03268005376019105
Assam,Goalpara,2026-01-25,0.0,1363.800482814263,0.0,0.0,0.0,0.0,0.03268005376019105
Assam,Goalpara,2026-02-01,0.0,3781.3016159010067,0.0,0.0,0.0,0.0,0.03268005376019105
Assam,Golaghat,2026-01-11,0.0,17.237823101892914,0.0,0.0,0.0,0.0,0.02428452116224403
Assam,Golaghat,2026-01-18,0.0,237.14742805367635,0.0,0.0,0.0,0.0,0.02428452116224403
Assam,Golaghat,2026-01-25,0.0,1013.4390209090029,0.0,0.0,0.0,0.0,0.02428452116224403
Assam,Golaghat,2026-02-01,0.0,2809.882131345634,0.0,0.0,0.0,0.0,0.02428452116224403
Assam,Hailakandi,2026-01-11,0.0,18.50454329709637,0.0,0.0,0.0,0.0,0.026069067459373752
Assam,Hailakandi,2026-01-18,0.0,254.57418980778456,0.0,0.0,0.0,0.0,0.026069067459373752
Assam,Hailakandi,2026-01-25,0.0,1087.9115147270697,0.0,0.0,0.0,0.0,0.026069067459373752
Assam,Hailakandi,2026-02-01,0.0,3016.3661183826043,0.0,0.0,0.0,0.0,0.026069067459373752
Assam,Hojai,2026-01-11,0.0,18.649105587881934,0.0,0.0,0.0,0.0,0.02627272577452719
Assam,Hojai,2026-01-18,0.0,256.5629893940606,0.0,0.0,0.0,0.0,0.02627272577452719
Assam,Hojai,2026-01-25,0.0,1096.4105615944202,0.0,0.0,0.0,0.0,0.02627272577452719
Assam,Hojai,2026-02-01,0.0,3039.9307526953994,0.0,0.0,0.0,0.0,0.02627272577452719
Assam,Jorhat,2026-01-11,0.0,13.940987208376493,0.0,0.0,0.0,0.0,0.019639962475726736
Assam,Jorhat,2026-01-18,0.0,191.79157608553496,0.0,0.0,0.0,0.0,0.019639962475726736
Assam,Jorhat,2026-01-25,0.0,819.6127981734858,0.0,0.0,0.0,0.0,0.019639962475726736
Assam,Jorhat,2026-02-01,2974.912769585751,4354.914449021624,2837.976427399959,4154.456115830189,3105.1811811938774,4545.611733917921,0.019639962475726736
Assam,Kamrup,2026-01-11,0.0,31.922413887275834,0.0,0.0,0.0,0.0,0.0449720670071347
Assam,Kamrup,2026-01-18,0.0,439.16904738401195,0.0,0.0,0.0,0.0,0.0449720670071347
Assam,Kamrup,2026-01-25,0.0,1876.769455385594,0.0,0.0,0.0,0.0,0.0449720670071347
Assam,Kamrup,2026-02-01,0.0,5203.570070366147,0.0,0.0,0.0,0.0,0.0449720670071347
Assam,Kamrup Metro,2026-01-11,0.0,15.798494238335655,0.0,0.0,0.0,0.0,0.02225680501503246
Assam,Kamrup Metro,2026-01-18,2097.549926711441,1685.6309705011158,2060.9401694612206,1656.210674060187,2134.8115856457557,1715.5751475202553,0.02225680501503246
Assam,Kamrup Metro,2026-01-25,13624.492465087187,10465.963314665663,13586.125076868546,10436.490534038803,13661.16148409607,10494.131454412167,0.02225680501503246
Assam,Kamrup Metro,2026-02-01,37907.002562908514,29110.16355418197,37868.897325163125,29080.901158633853,37944.49173733267,29138.952852338352,0.02225680501503246
Assam,Karbi Anglong,2026-01-11,0.0,33.65912577553201,0.0,0.0,0.0,0.0,0.047418734219913244
Assam,Karbi Anglong,2026-01-18,0.0,463.0616674170467,0.0,0.0,0.0,0.0,0.047418734219913244
Assam,Karbi Anglong,2026-01-25,0.0,1978.8735079235328,0.0,0.0,0.0,0.0,0.047418734219913244
Assam,Karbi Anglong,2026-02-01,0.0,5486.665892458131,0.0,0.0,0.0,0.0,0.047418734219913244
Assam,Karimganj,2026-01-11,0.0,36.2891975953929,0.0,0.0,0.0,0.0,0.05112396047673797
Assam,Karimganj,2026-01-18,0.0,499.24458703454593,0.0,0.0,0.0,0.0,0.05112396047673797
Assam,Karimganj,2026-01-25,0.0,2133.499610899812,0.0,0.0,0.0,0.0,0.05112396047673797
Assam,Karimganj,2026-02-01,0.0,5915.385445217161,0.0,0.0,0.0,0.0,0.05112396047673797
Assam,Kokrajhar,2026-01-11,0.0,17.749337788533474,0.0,0.0,0.0,0.0,0.025005139372507323
Assam,Kokrajhar,2026-01-18,0.0,244.18453428405473,0.0,0.0,0.0,0.0,0.025005139372507323
Assam,Kokrajhar,2026-01-25,0.0,1043.5117824256622,0.0,0.0,0.0,0.0,0.025005139372507323
Assam,Kokrajhar,2026-02-01,0.0,2893.2624961060974,0.0,0.0,0.0,0.0,0.025005139372507323
Assam,Lakhimpur,2026-01-11,0.0,20.478972993957495,0.0,0.0,0.0,0.0,0.028850629810568885
Assam,Lakhimpur,2026-01-18,0.0,281.7371860698821,0.0,0.0,0.0,0.0,0.028850629810568885
Assam,Lakhimpur,2026-01-25,0.0,1203.991375102297,0.0,0.0,0.0,0.0,0.028850629810568885
Assam,Lakhimpur,2026-02-01,0.0,3338.21155629054,0.0,0.0,0.0,0.0,0.028850629810568885
Assam,Majuli,2026-01-11,0.0,2.050659453839805,0.0,0.0,0.0,0.0,0.002888954284364363
Assam,Majuli,2026-01-18,0.0,28.21171863857125,0.0,0.0,0.0,0.0,0.002888954284364363
Assam,Majuli,2026-01-25,0.0,120.56152896063713,0.0,0.0,0.0,0.0,0.002888954284364363
Assam,Majuli,2026-02-01,0.0,334.2714055457918,0.0,0.0,0.0,0.0,0.002888954284364363
Assam,Marigaon,2026-01-11,0.0,20.920776302475417,0.0,0.0,0.0,0.0,0.029473039132896527
Assam,Marigaon,2026-01-18,0.0,287.8152457936256,0.0,0.0,0.0,0.0,0.029473039132896527
Assam,Marigaon,2026-01-25,0.0,1229.9656938879211,0.0,0.0,0.0,0.0,0.029473039132896527
Assam,Marigaon,2026-02-01,0.0,3410.2284933965702,0.0,0.0,0.0,0.0,0.029473039132896527
Assam,Nagaon,2026-01-11,0.0,56.307157028359875,0.0,0.0,0.0,0.0,0.07932511769951088
Assam,Nagaon,2026-01-18,0.0,774.6394304756328,0.0,0.0,0.0,0.0,0.07932511769951088
Assam,Nagaon,2026-01-25,0.0,3310.387265937555,0.0,0.0,0.0,0.0,0.07932511769951088
Assam,Nagaon,2026-02-01,0.0,9178.448662899154,0.0,0.0,0.0,0.0,0.07932511769951088
Assam,Nalbari,2026-01-11,0.0,18.47978775572708,0.0,0.0,0.0,0.0,0.026034192030805325
Assam,Nalbari,2026-01-18,0.0,254.23361820943938,0.0,0.0,0.0,0.0,0.026034192030805325
Assam,Nalbari,2026-01-25,0.0,1086.4560970992716,0.0,0.0,0.0,0.0,0.026034192030805325
Assam,Nalbari,2026-02-01,0.0,3012.330797162856,0.0,0.0,0.0,0.0,0.026034192030805325
Assam,North Cachar Hills,2026-01-11,51.34717932098647,40.24076491943186,30.48631079002444,23.892110179861454,72.83257120173248,57.07885837087872,0.006054624337683618
Assam,North Cachar Hills,2026-01-18,593.3302676928818,474.45685759774557,571.7962709021895,457.23718584804766,613.5739918595276,490.6447621715839,0.006054624337683618
Assam,North Cachar Hills,2026-01-25,2671.662802864309,2122.8348925850164,2650.8544471094046,2106.301105609177,2693.971200093573,2140.5605741287936,0.006054624337683618
Assam,North Cachar Hills,2026-02-01,6726.553085274769,5409.147842968973,6705.529613476574,5392.241848816058,6746.680567844771,5425.3333286921525,0.006054624337683618
Assam,Sibsagar,2026-01-11,0.0,10.610706944680611,0.0,0.0,0.0,0.0,0.014948287601128138
Assam,Sibsagar,2026-01-18,0.0,145.9756169261286,0.0,0.0,0.0,0.0,0.014948287601128138
Assam,Sibsagar,2026-01-25,0.0,623.8203277529075,0.0,0.0,0.0,0.0,0.014948287601128138
Assam,Sibsagar,2026-02-01,0.0,1729.61723000447,0.0,0.0,0.0,0.0,0.014948287601128138
Assam,Sivasagar,2025-07-14,0.0,0.0,0.0,0.0,0.0,0.0,0.0
Assam,Sivasagar,2025-07-21,0.0,0.0,0.0,0.0,0.0,0.0,0.0
Assam,Sivasagar,2025-07-28,0.0,0.0,0.0,0.0,0.0,0.0,0.0
Assam,Sivasagar,2025-08-04,0.0,0.0,0.0,0.0,0.0,0.0,0.0
Assam,Sonitpur,2026-01-11,0.0,20.043015408174963,0.0,0.0,0.0,0.0,0.028236455900371715
Assam,Sonitpur,2026-01-18,0.0,275.7395482244477,0.0,0.0,0.0,0.0,0.028236455900371715
Assam,Sonitpur,2026-01-25,0.0,1178.3607356484797,0.0,0.0,0.0,0.0,0.028236455900371715
Assam,Sonitpur,2026-02-01,0.0,3267.147511656018,0.0,0.0,0.0,0.0,0.028236455900371715
Assam,South Salmara Mankachar,2026-01-11,0.0,3.650122918127278,0.0,0.0,0.0,0.0,0.005142266904938823
Assam,South Salmara Mankachar,2026-01-18,0.0,50.216158792035,0.0,0.0,0.0,0.0,0.005142266904938823
Assam,South Salmara Mankachar,2026-01-25,0.0,214.59652848730116,0.0,0.0,0.0,0.0,0.005142266904938823
Assam,South Salmara Mankachar,2026-02-01,0.0,594.9948032437314,0.0,0.0,0.0,0.0,0.005142266904938823
Assam,Sribhumi,2026-01-11,0.0,-0.03704334712647473,0.0,-0.0,2.1191991161244468e-09,-7.850222848871632e-11,-5.218640091012668e-05
Assam,Sribhumi,2026-01-18,0.0,-0.5096197150658982,0.0,-0.0,3.086041427249592e-09,-1.5727075528364948e-09,-5.218640091012668e-05
Assam,Sribhumi,2026-01-25,0.0,-2.177837260606556,0.0,-0.0,5.0668833915618735e-09,-1.1034847445291967e-08,-5.218640091012668e-05
Assam,Sribhumi,2026-02-01,0.0,-6.038316935999012,0.0,-0.0,7.3246565910272244e-09,-4.4228597943976476e-08,-5.218640091012668e-05
Assam,Tamulpur District,2026-01-11,0.0,-0.023558715061390376,0.0,-0.0,2.057739272190335e-09,-4.847769318416492e-11,-3.318934827685911e-05
Assam,Tamulpur District,2026-01-18,0.0,-0.32410639394742546,0.0,-0.0,2.8910435587239772e-09,-9.370057025629603e-10,-3.318934827685911e-05
Assam,Tamulpur District,2026-01-25,0.0,-1.3850543067162497,0.0,-0.0,4.3398186768736245e-09,-6.0108845487714304e-09,-3.318934827685911e-05
Assam,Tamulpur District,2026-02-01,0.0,-3.840230410601839,0.0,-0.0,5.923452212112819e-09,-2.274742132070238e-08,-3.318934827685911e-05
Assam,Tinsukia,2026-01-11,0.0,14.087122605123314,0.0,0.0,0.0,0.0,0.019845836971240115
Assam,Tinsukia,2026-01-18,0.0,193.80201750155726,0.0,0.0,0.0,0.0,0.019845836971240115
Assam,Tinsukia,2026-01-25,0.0,828.2043304408625,0.0,0.0,0.0,0.0,0.019845836971240115
Assam,Tinsukia,2026-02-01,0.0,2296.2965715702508,0.0,0.0,0.0,0.0,0.019845836971240115
Assam,Udalguri,2026-01-11,0.0,14.19794089248043,0.0,0.0,0.0,0.0,0.020001956977146896
Assam,Udalguri,2026-01-18,0.0,195.32658772557633,0.0,0.0,0.0,0.0,0.020001956977146896
Assam,Udalguri,2026-01-25,0.0,834.7195137081554,0.0,0.0,0.0,0.0,0.020001956977146896
Assam,Udalguri,2026-02-01,0.0,2314.360704357232,0.0,0.0,0.0,0.0,0.020001956977146896
Assam,West Karbi Anglong,2026-01-11,0.0,1.2726945733944146,0.0,0.0,0.0,0.0,0.0017929629581403394
Assam,West Karbi Anglong,2026-01-18,0.0,17.50895359549277,0.0,0.0,0.0,0.0,0.0017929629581403394
Assam,West Karbi Anglong,2026-01-25,0.0,74.82373700861345,0.0,0.0,0.0,0.0,0.0017929629581403394
Assam,West Karbi Anglong,2026-02-01,0.0,207.45785122071598,0.0,0.0,0.0,0.0,0.0017929629581403394
Bihar,Araria,2026-01-11,0.0,0.0,0.0,0.0,0.0,0.0,0.029820672175549595
Bihar,Araria,2026-01-18,0.0,0.0,0.0,0.0,0.0,0.0,0.029820672175549595
Bihar,Araria,2026-01-25,0.0,0.0,0.0,0.0,0.0,0.0,0.029820672175549595
Bihar,Araria,2026-02-01,0.0,0.0,0.0,0.0,0.0,0.0,0.029820672175549595
Bihar,Arwal,2026-01-11,0.0,0.0,0.0,0.0,0.0,0.0,0.005688628881099772
Bihar,Arwal,2026-01-18,0.0,0.0,0.0,0.0,0.0,0.0,0.005688628881099772
Bihar,Arwal,2026-01-25,0.0,0.0,0.0,0.0,0.0,0.0,0.005688628881099772
Bihar,Arwal,2026-02-01,0.0,0.0,0.0,0.0,0.0,0.0,0.005688628881099772
Bihar,Aurangabad,2026-01-11,0.0,0.0,0.0,0.0,0.0,0.0,0.022791287630070642
Bihar,Aurangabad,2026-01-18,0.0,0.0,0.0,0.0,0.0,0.0,0.022791287630070642
Bihar,Aurangabad,2026-01-25,0.0,0.0,0.0,0.0,0.0,0.0,0.022791287630070642
Bihar,Aurangabad,2026-02-01,0.0,0.0,0.0,0.0,0.0,0.0,0.022791287630070642
Bihar,Aurangabad(BH),2026-01-11,0.0,0.0,0.0,0.0,2.0407420009133223e-09,0.0,-1.0969603229451193e-06
Bihar,Aurangabad(BH),2026-01-18,0.0,0.0,0.0,0.0,2.6554184822819355e-09,0.0,-1.0969603229451193e-06
Bihar,Aurangabad(BH),2026-01-25,0.0,0.0,0.0,0.0,4.367387462471605e-09,0.0,-1.0969603229451193e-06
Bihar,Aurangabad(BH),2026-02-01,0.0,0.0,0.0,0.0,6.068180594543839e-09,0.0,-1.0969603229451193e-06
Bihar,Aurangabad(bh),2026-01-11,0.0,0.0,0.0,0.0,1.967650860849162e-09,0.0,-2.7097914428866844e-05
Bihar,Aurangabad(bh),2026-01-18,0.0,0.0,0.0,0.0,2.776129092822266e-09,0.0,-2.7097914428866844e-05
Bihar,Aurangabad(bh),2026-01-25,0.0,0.0,0.0,0.0,4.486306428482489e-09,0.0,-2.7097914428866844e-05
Bihar,Aurangabad(bh),2026-02-01,0.0,0.0,0.0,0.0,6.281153935193229e-09,0.0,-2.7097914428866844e-05
Bihar,Banka,2026-01-11,0.0,0.0,0.0,0.0,0.0,0.0,0.02150529493165479
Bihar,Banka,2026-01-18,0.0,0.0,0.0,0.0,0.0,0.0,0.02150529493165479
Bihar,Banka,2026-01-25,0.0,0.0,0.0,0.0,0.0,0.0,0.02150529493165479
Bihar,Banka,2026-02-01,0.0,0.0,0.0,0.0,0.0,0.0,0.02150529493165479
Bihar,Begusarai,2026-01-11,0.0,0.0,0.0,0.0,0.0,0.0,0.03242149390248383
Bihar,Begusarai,2026-01-18,0.0,0.0,0.0,0.0,0.0,0.0,0.03242149390248383
Bihar,Begusarai,2026-01-25,0.0,0.0,0.0,0.0,0.0,0.0,0.03242149390248383
Bihar,Begusarai,2026-02-01,0.0,0.0,0.0,0.0,0.0,0.0,0.03242149390248383
Bihar,Bhabua,2026-01-11,0.0,0.0,0.0,0.0,2.044286454301841e-09,0.0,-3.341411125154804e-06
Bihar,Bhabua,2026-01-18,0.0,0.0,0.0,0.0,2.6736208691087403e-09,0.0,-3.341411125154804e-06
Bihar,Bhabua,2026-01-25,0.0,0.0,0.0,0.0,4.447199769258724e-09,0.0,-3.341411125154804e-06
Bihar,Bhabua,2026-02-01,0.0,0.0,0.0,0.0,6.351217096256497e-09,0.0,-3.341411125154804e-06
Bihar,Bhagalpur,2026-01-11,0.0,0.0,0.0,0.0,0.0,0.0,0.03217476430794645
Bihar,Bhagalpur,2026-01-18,0.0,0.0,0.0,0.0,0.0,0.0,0.03217476430794645
Bihar,Bhagalpur,2026-01-25,0.0,0.0,0.0,0.0,0.0,0.0,0.03217476430794645
Bihar,Bhagalpur,2026-02-01,0.0,0.0,0.0,0.0,0.0,0.0,0.03217476430794645
Bihar,Bhojpur,2026-01-11,0.0,0.0,0.0,0.0,0.0,0.0,0.019612533234474042
Bihar,Bhojpur,2026-01-18,0.0,0.0,0.0,0.0,0.0,0.0,0.019612533234474042
Bihar,Bhojpur,2026-01-25,0.0,0.0,0.0,0.0,0.0,0.0,0.019612533234474042
Bihar,Bhojpur,2026-02-01,0.0,0.0,0.0,0.0,0.0,0.0,0.019612533234474042
Bihar,Buxar,2026-01-11,0.0,0.0,0.0,0.0,0.0,0.0,0.011749473560843748
Bihar,Buxar,2026-01-18,0.0,0.0,0.0,0.0,0.0,0.0,0.011749473560843748
Bihar,Buxar,2026-01-25,0.0,0.0,0.0,0.0,0.0,0.0,0.011749473560843748
Bihar,Buxar,2026-02-01,0.0,0.0,0.0,0.0,0.0,0.0,0.011749473560843748
Bihar,Darbhanga,2026-01-11,0.0,0.0,0.0,0.0,0.0,0.0,0.04146695715572625
Bihar,Darbhanga,2026-01-18,0.0,0.0,0.0,0.0,0.0,0.0,0.04146695715572625
Bihar,Darbhanga,2026-01-25,0.0,0.0,0.0,0.0,0.0,0.0,0.04146695715572625
Bihar,Darbhanga,2026-02-01,0.0,0.0,0.0,0.0,0.0,0.0,0.04146695715572625
Bihar,East Champaran,2026-01-11,0.0,0.0,0.0,0.0,0.0,0.0,0.04378501032874381
Bihar,East Champaran,2026-01-18,0.0,0.0,0.0,0.0,0.0,0.0,0.04378501032874381
Bihar,East Champaran,2026-01-25,0.0,0.0,0.0,0.0,0.0,0.0,0.04378501032874381
Bihar,East Champaran,2026-02-01,0.0,0.0,0.0,0.0,0.0,0.0,0.04378501032874381
Bihar,Gaya,2026-01-11,0.0,0.0,0.0,0.0,0.0,0.0,0.03407530365491445
Bihar,Gaya,2026-01-18,0.0,0.0,0.0,0.0,0.0,0.0,0.03407530365491445
Bihar,Gaya,2026-01-25,0.0,0.0,0.0,0.0,0.0,0.0,0.03407530365491445
Bihar,Gaya,2026-02-01,0.0,0.0,0.0,0.0,0.0,0.0,0.03407530365491445
Bihar,Gopalganj,2026-01-11,0.0,0.0,0.0,0.0,0.0,0.0,0.020142395500790177
Bihar,Gopalganj,2026-01-18,0.0,0.0,0.0,0.0,0.0,0.0,0.020142395500790177
Bihar,Gopalganj,2026-01-25,0.0,0.0,0.0,0.0,0.0,0.0,0.020142395500790177
Bihar,Gopalganj,2026-02-01,0.0,0.0,0.0,0.0,0.0,0.0,0.020142395500790177
Bihar,Jamui,2026-01-11,0.0,0.0,0.0,0.0,0.0,0.0,0.023193021979988328
Bihar,Jamui,2026-01-18,0.0,0.0,0.0,0.0,0.0,0.0,0.023193021979988328
Bihar,Jamui,2026-01-25,0.0,0.0,0.0,0.0,0.0,0.0,0.023193021979988328
Bihar,Jamui,2026-02-01,0.0,0.0,0.0,0.0,0.0,0.0,0.023193021979988328
Bihar,Jehanabad,2026-01-11,0.0,0.0,0.0,0.0,0.0,0.0,0.007320250466615029
Bihar,Jehanabad,2026-01-18,0.0,0.0,0.0,0.0,0.0,0.0,0.007320250466615029
Bihar,Jehanabad,2026-01-25,0.0,0.0,0.0,0.0,0.0,0.0,0.007320250466615029
Bihar,Jehanabad,2026-02-01,0.0,0.0,0.0,0.0,0.0,0.0,0.007320250466615029
Bihar,Kaimur (Bhabua),2026-01-11,0.0,0.0,0.0,0.0,0.0,0.0,0.017274211304204597
Bihar,Kaimur (Bhabua),2026-01-18,0.0,0.0,0.0,0.0,0.0,0.0,0.017274211304204597
Bihar,Kaimur (Bhabua),2026-01-25,0.0,0.0,0.0,0.0,0.0,0.0,0.017274211304204597
Bihar,Kaimur (Bhabua),2026-02-01,0.0,0.0,0.0,0.0,0.0,0.0,0.017274211304204597
Bihar,Katihar,2026-01-11,0.0,0.0,0.0,0.0,0.0,0.0,0.043426440769783435
Bihar,Katihar,2026-01-18,0.0,0.0,0.0,0.0,0.0,0.0,0.043426440769783435
Bihar,Katihar,2026-01-25,0.0,0.0,0.0,0.0,0.0,0.0,0.043426440769783435
Bihar,Katihar,2026-02-01,0.0,0.0,0.0,0.0,0.0,0.0,0.043426440769783435
Bihar,Khagaria,2026-01-11,0.0,0.0,0.0,0.0,0.0,0.0,0.018368252264375964
Bihar,Khagaria,2026-01-18,0.0,0.0,0.0,0.0,0.0,0.0,0.018368252264375964
Bihar,Khagaria,2026-01-25,0.0,0.0,0.0,0.0,0.0,0.0,0.018368252264375964
Bihar,Khagaria,2026-02-01,0.0,0.0,0.0,0.0,0.0,0.0,0.018368252264375964
Bihar,Kishanganj,2026-01-11,0.0,0.0,0.0,0.0,0.0,0.0,0.03138431378446756
Bihar,Kishanganj,2026-01-18,0.0,0.0,0.0,0.0,0.0,0.0,0.03138431378446756
Bihar,Kishanganj,2026-01-25,0.0,0.0,0.0,0.0,0.0,0.0,0.03138431378446756
Bihar,Kishanganj,2026-02-01,0.0,0.0,0.0,0.0,0.0,0.0,0.03138431378446756
Bihar,Lakhisarai,2026-01-11,0.0,0.0,0.0,0.0,0.0,0.0,0.010968482005892437
Bihar,Lakhisarai,2026-01-18,0.0,0.0,0.0,0.0,0.0,0.0,0.010968482005892437
Bihar,Lakhisarai,2026-01-25,0.0,0.0,0.0,0.0,0.0,0.0,0.010968482005892437
Bihar,Lakhisarai,2026-02-01,0.0,0.0,0.0,0.0,0.0,0.0,0.010968482005892437
Bihar,Madhepura,2026-01-11,0.0,0.0,0.0,0.0,0.0,0.0,0.022512277801669017
Bihar,Madhepura,2026-01-18,0.0,0.0,0.0,0.0,0.0,0.0,0.022512277801669017
Bihar,Madhepura,2026-01-25,0.0,0.0,0.0,0.0,0.0,0.0,0.022512277801669017
Bihar,Madhepura,2026-02-01,0.0,0.0,0.0,0.0,0.0,0.0,0.022512277801669017
Bihar,Madhubani,2026-01-11,0.0,0.0,0.0,0.0,0.0,0.0,0.05033797335044291
Bihar,Madhubani,2026-01-18,0.0,0.0,0.0,0.0,0.0,0.0,0.05033797335044291
Bihar,Madhubani,2026-01-25,0.0,0.0,0.0,0.0,0.0,0.0,0.05033797335044291
Bihar,Madhubani,2026-02-01,0.0,0.0,0.0,0.0,0.0,0.0,0.05033797335044291
Bihar,Monghyr,2026-01-11,0.0,0.0,0.0,0.0,1.9527996708128076e-09,0.0,-3.6897625790558433e-06
Bihar,Monghyr,2026-01-18,0.0,0.0,0.0,0.0,2.7152214030917187e-09,0.0,-3.6897625790558433e-06
Bihar,Monghyr,2026-01-25,0.0,0.0,0.0,0.0,4.1125712677151366e-09,0.0,-3.6897625790558433e-06
Bihar,Monghyr,2026-02-01,0.0,0.0,0.0,0.0,5.979501627925298e-09,0.0,-3.6897625790558433e-06
Bihar,Munger,2026-01-11,0.0,0.0,0.0,0.0,0.0,0.0,0.010102864523450139
Bihar,Munger,2026-01-18,0.0,0.0,0.0,0.0,0.0,0.0,0.010102864523450139
Bihar,Munger,2026-01-25,0.0,0.0,0.0,0.0,0.0,0.0,0.010102864523450139
Bihar,Munger,2026-02-01,0.0,0.0,0.0,0.0,0.0,0.0,0.010102864523450139
Bihar,Muzaffarpur,2026-01-11,0.0,0.0,0.0,0.0,0.0,0.0,0.04032871819231841
Bihar,Muzaffarpur,2026-01-18,0.0,0.0,0.0,0.0,0.0,0.0,0.04032871819231841
Bihar,Muzaffarpur,2026-01-25,0.0,0.0,0.0,0.0,0.0,0.0,0.04032871819231841
Bihar,Muzaffarpur,2026-02-01,0.0,0.0,0.0,0.0,0.0,0.0,0.04032871819231841
Bihar,Nalanda,2026-01-11,0.0,0.0,0.0,0.0,0.0,0.0,0.02512862770465264
Bihar,Nalanda,2026-01-18,0.0,0.0,0.0,0.0,0.0,0.0,0.02512862770465264
Bihar,Nalanda,2026-01-25,0.0,0.0,0.0,0.0,0.0,0.0,0.02512862770465264
Bihar,Nalanda,2026-02-01,0.0,0.0,0.0,0.0,0.0,0.0,0.02512862770465264
Bihar,Nawada,2026-01-11,0.0,0.0,0.0,0.0,0.0,0.0,0.016334364237146078
Bihar,Nawada,2026-01-18,0.0,0.0,0.0,0.0,0.0,0.0,0.016334364237146078
Bihar,Nawada,2026-01-25,0.0,0.0,0.0,0.0,0.0,0.0,0.016334364237146078
Bihar,Nawada,2026-02-01,0.0,0.0,0.0,0.0,0.0,0.0,0.016334364237146078
Bihar,Pashchim Champaran,2026-01-11,0.0,0.0,0.0,0.0,0.0,0.0,-1.1649411868867833e-05
Bihar,Pashchim Champaran,2026-01-18,0.0,0.0,0.0,0.0,0.0,0.0,-1.1649411868867833e-05
Bihar,Pashchim Champaran,2026-01-25,0.0,0.0,0.0,0.0,0.0,0.0,-1.1649411868867833e-05
Bihar,Pashchim Champaran,2026-02-01,0.0,0.0,0.0,0.0,0.0,0.0,-1.1649411868867833e-05
Bihar,Patna,2026-01-11,0.0,0.0,0.0,0.0,0.0,0.0,0.04095900960350684
Bihar,Patna,2026-01-18,0.0,0.0,0.0,0.0,0.0,0.0,0.04095900960350684
Bihar,Patna,2026-01-25,0.0,0.0,0.0,0.0,0.0,0.0,0.04095900960350684
Bihar,Patna,2026-02-01,0.0,0.0,0.0,0.0,0.0,0.0,0.04095900960350684
Bihar,Purba Champaran,2026-01-11,0.0,0.0,0.0,0.0,2.0567071458500733e-09,0.0,-1.6199653735283807e-05
Bihar,Purba Champaran,2026-01-18,0.0,0.0,0.0,0.0,3.136042794350537e-09,0.0,-1.6199653735283807e-05
Bihar,Purba Champaran,2026-01-25,0.0,0.0,0.0,0.0,4.6305712540031795e-09,0.0,-1.6199653735283807e-05
Bihar,Purba Champaran,2026-02-01,0.0,0.0,0.0,0.0,6.026072663535286e-09,0.0,-1.6199653735283807e-05
Bihar,Purbi Champaran,2025-07-13,0.0,0.0,0.0,0.0,1.905062038019735e-09,0.0,0.0
Bihar,Purbi Champaran,2025-07-20,0.0,0.0,0.0,0.0,2.299660100220929e-09,0.0,0.0
Bihar,Purbi Champaran,2025-07-27,0.0,0.0,0.0,0.0,2.6325666093419598e-09,0.0,0.0
Bihar,Purbi Champaran,2025-08-03,0.0,0.0,0.0,0.0,3.3744862232480836e-09,0.0,0.0
Bihar,Purnea,2026-01-11,0.0,0.0,0.0,0.0,0.0,0.0,0.0003543968278011914
Bihar,Purnea,2026-01-18,0.0,0.0,0.0,0.0,0.0,0.0,0.0003543968278011914
Bihar,Purnea,2026-01-25,0.0,0.0,0.0,0.0,0.0,0.0,0.0003543968278011914
Bihar,Purnea,2026-02-01,0.0,0.0,0.0,0.0,0.0,0.0,0.0003543968278011914
Bihar,Purnia,2026-01-11,0.0,0.0,0.0,0.0,0.0,0.0,0.04059203355406896
Bihar,Purnia,2026-01-18,0.0,0.0,0.0,0.0,0.0,0.0,0.04059203355406896
Bihar,Purnia,2026-01-25,0.0,0.0,0.0,0.0,0.0,0.0,0.04059203355406896
Bihar,Purnia,2026-02-01,0.0,0.0,0.0,0.0,0.0,0.0,0.04059203355406896
Bihar,Rohtas,2026-01-11,0.0,0.0,0.0,0.0,0.0,0.0,0.024442085014407165
Bihar,Rohtas,2026-01-18,0.0,0.0,0.0,0.0,0.0,0.0,0.024442085014407165
Bihar,Rohtas,2026-01-25,0.0,0.0,0.0,0.0,0.0,0.0,0.024442085014407165
Bihar,Rohtas,2026-02-01,0.0,0.0,0.0,0.0,0.0,0.0,0.024442085014407165
Bihar,Saharsa,2026-01-11,0.0,0.0,0.0,0.0,0.0,0.0,0.019418079823073954
Bihar,Saharsa,2026-01-18,0.0,0.0,0.0,0.0,0.0,0.0,0.019418079823073954
Bihar,Saharsa,2026-01-25,0.0,0.0,0.0,0.0,0.0,0.0,0.019418079823073954
Bihar,Saharsa,2026-02-01,0.0,0.0,0.0,0.0,0.0,0.0,0.019418079823073954
Bihar,Samastipur,2026-01-11,0.0,0.0,0.0,0.0,0.0,0.0,0.039948141421790276
Bihar,Samastipur,2026-01-18,0.0,0.0,0.0,0.0,0.0,0.0,0.039948141421790276
Bihar,Samastipur,2026-01-25,0.0,0.0,0.0,0.0,0.0,0.0,0.039948141421790276
Bihar,Samastipur,2026-02-01,0.0,0.0,0.0,0.0,0.0,0.0,0.039948141421790276
Bihar,Samstipur,2026-01-11,0.0,0.0,0.0,0.0,2.081270025692071e-09,0.0,-9.050697403396644e-06
Bihar,Samstipur,2026-01-18,0.0,0.0,0.0,0.0,3.044691601506826e-09,0.0,-9.050697403396644e-06
Bihar,Samstipur,2026-01-25,0.0,0.0,0.0,0.0,5.150555390137704e-09,0.0,-9.050697403396644e-06
Bihar,Samstipur,2026-02-01,0.0,0.0,0.0,0.0,6.766049426494699e-09,0.0,-9.050697403396644e-06
Bihar,Saran,2026-01-11,0.0,0.0,0.0,0.0,0.0,0.0,0.031265880372950625
Bihar,Saran,2026-01-18,0.0,0.0,0.0,0.0,0.0,0.0,0.031265880372950625
Bihar,Saran,2026-01-25,0.0,0.0,0.0,0.0,0.0,0.0,0.031265880372950625
Bihar,Saran,2026-02-01,0.0,0.0,0.0,0.0,0.0,0.0,0.031265880372950625
Bihar,Sheikhpura,2026-01-11,0.0,0.0,0.0,0.0,0.0,0.0,0.009132088319670299
Bihar,Sheikhpura,2026-01-18,0.0,0.0,0.0,0.0,0.0,0.0,0.009132088319670299
Bihar,Sheikhpura,2026-01-25,0.0,0.0,0.0,0.0,0.0,0.0,0.009132088319670299
Bihar,Sheikhpura,2026-02-01,0.0,0.0,0.0,0.0,0.0,0.0,0.009132088319670299
Bihar,Sheikpura,2026-01-11,0.0,0.0,0.0,0.0,2.029046890848943e-09,0.0,-9.425178575180217e-06
Bihar,Sheikpura,2026-01-18,0.0,0.0,0.0,0.0,2.801283645961363e-09,0.0,-9.425178575180217e-06
Bihar,Sheikpura,2026-01-25,0.0,0.0,0.0,0.0,4.585234034266303e-09,0.0,-9.425178575180217e-06
Bihar,Sheikpura,2026-02-01,0.0,0.0,0.0,0.0,6.953791288404914e-09,0.0,-9.425178575180217e-06
Bihar,Sheohar,2026-01-11,0.0,0.0,0.0,0.0,0.0,0.0,0.006153418109224112
Bihar,Sheohar,2026-01-18,0.0,0.0,0.0,0.0,0.0,0.0,0.006153418109224112
Bihar,Sheohar,2026-01-25,0.0,0.0,0.0,0.0,0.0,0.0,0.006153418109224112
Bihar,Sheohar,2026-02-01,0.0,0.0,0.0,0.0,0.0,0.0,0.006153418109224112
Bihar,Sitamarhi,2026-01-11,0.0,0.0,0.0,0.0,0.0,0.0,0.038992812437664864
Bihar,Sitamarhi,2026-01-18,0.0,0.0,0.0,0.0,0.0,0.0,0.038992812437664864
Bihar,Sitamarhi,2026-01-25,0.0,0.0,0.0,0.0,0.0,0.0,0.038992812437664864
Bihar,Sitamarhi,2026-02-01,0.0,0.0,0.0,0.0,0.0,0.0,0.038992812437664864
Bihar,Siwan,2026-01-11,0.0,0.0,0.0,0.0,0.0,0.0,0.025861187098102433
Bihar,Siwan,2026-01-18,0.0,0.0,0.0,0.0,0.0,0.0,0.025861187098102433
Bihar,Siwan,2026-01-25,0.0,0.0,0.0,0.0,0.0,0.0,0.025861187098102433
Bihar,Siwan,2026-02-01,0.0,0.0,0.0,0.0,0.0,0.0,0.025861187098102433
Bihar,Supaul,2026-01-11,0.0,0.0,0.0,0.0,0.0,0.0,0.021648959401404384
Bihar,Supaul,2026-01-18,0.0,0.0,0.0,0.0,0.0,0.0,0.021648959401404384
Bihar,Supaul,2026-01-25,0.0,0.0,0.0,0.0,0.0,0.0,0.021648959401404384
Bihar,Supaul,2026-02-01,0.0,0.0,0.0,0.0,0.0,0.0,0.021648959401404384
Bihar,Vaishali,2026-01-11,0.0,0.0,0.0,0.0,0.0,0.0,0.03382458205462443
Bihar,Vaishali,2026-01-18,0.0,0.0,0.0,0.0,0.0,0.0,0.03382458205462443
Bihar,Vaishali,2026-01-25,0.0,0.0,0.0,0.0,0.0,0.0,0.03382458205462443
Bihar,Vaishali,2026-02-01,0.0,0.0,0.0,0.0,0.0,0.0,0.03382458205462443
Bihar,West Champaran,2026-01-11,0.0,0.0,0.0,0.0,0.0,0.0,0.0355565681186996
Bihar,West Champaran,2026-01-18,0.0,0.0,0.0,0.0,0.0,0.0,0.0355565681186996
Bihar,West Champaran,2026-01-25,0.0,0.0,0.0,0.0,0.0,0.0,0.0355565681186996
Bihar,West Champaran,2026-02-01,0.0,0.0,0.0,0.0,0.0,0.0,0.0355565681186996
Chandigarh,Chandigarh,2026-01-11,0.0,0.0,0.0,0.0,0.0,0.0,1.0004245802914804
Chandigarh,Chandigarh,2026-01-18,0.0,0.0,0.0,0.0,0.0,0.0,1.0004245802914804
Chandigarh,Chandigarh,2026-01-25,0.0,0.0,0.0,0.0,0.0,0.0,1.0004245802914804
Chandigarh,Chandigarh,2026-02-01,0.0,0.0,0.0,0.0,0.0,0.0,1.0004245802914804
Chandigarh,Mohali,2026-01-04,0.0,0.0,0.0,0.0,2.089325224672672e-09,0.0,-0.00026546297628401636
Chandigarh,Mohali,2026-01-11,0.0,0.0,0.0,0.0,2.792060022908863e-09,0.0,-0.00026546297628401636
Chandigarh,Mohali,2026-01-18,0.0,0.0,0.0,0.0,4.14060582493975e-09,0.0,-0.00026546297628401636
Chandigarh,Mohali,2026-01-25,0.0,0.0,0.0,0.0,6.173534810899589e-09,0.0,-0.00026546297628401636
Chandigarh,Rupnagar,2026-01-04,0.0,0.0,0.0,0.0,2.044065771233656e-09,0.0,-0.00045485014423819574
Chandigarh,Rupnagar,2026-01-11,0.0,0.0,0.0,0.0,2.9807336386960916e-09,0.0,-0.00045485014423819574
Chandigarh,Rupnagar,2026-01-18,0.0,0.0,0.0,0.0,4.522229274609904e-09,0.0,-0.00045485014423819574
Chandigarh,Rupnagar,2026-01-25,0.0,0.0,0.0,0.0,7.022450169921213e-09,0.0,-0.00045485014423819574
Chhatisgarh,Raipur,2025-12-21,0.0,0.0,0.0,0.0,2.009911306001738e-09,0.0,1.0
Chhatisgarh,Raipur,2025-12-28,0.0,0.0,0.0,0.0,2.7325213647704873e-09,0.0,1.0
Chhatisgarh,Raipur,2026-01-04,0.0,0.0,0.0,0.0,4.1962252008134815e-09,0.0,1.0
Chhatisgarh,Raipur,2026-01-11,0.0,0.0,0.0,0.0,6.64465401216349e-09,0.0,1.0
Chhattisgarh,Balod,2026-01-11,0.0,0.0,0.0,0.0,0.0,0.0,0.027667051604017563
Chhattisgarh,Balod,2026-01-18,0.0,0.0,0.0,0.0,0.0,0.0,0.027667051604017563
Chhattisgarh,Balod,2026-01-25,0.0,0.0,0.0,0.0,0.0,0.0,0.027667051604017563
Chhattisgarh,Balod,2026-02-01,0.0,0.0,0.0,0.0,0.0,0.0,0.027667051604017563
Chhattisgarh,Baloda Bazar,2026-01-11,0.0,0.0,0.0,0.0,0.0,0.0,0.05867773535905181
Chhattisgarh,Baloda Bazar,2026-01-18,0.0,0.0,0.0,0.0,0.0,0.0,0.05867773535905181
Chhattisgarh,Baloda Bazar,2026-01-25,0.0,0.0,0.0,0.0,0.0,0.0,0.05867773535905181
Chhattisgarh,Baloda Bazar,2026-02-01,0.0,0.0,0.0,0.0,0.0,0.0,0.05867773535905181
Chhattisgarh,Balrampur,2026-01-11,0.0,0.0,0.0,0.0,0.0,0.0,0.02334263835814051
Chhattisgarh,Balrampur,2026-01-18,0.0,0.0,0.0,0.0,0.0,0.0,0.02334263835814051
Chhattisgarh,Balrampur,2026-01-25,0.0,0.0,0.0,0.0,0.0,0.0,0.02334263835814051
Chhattisgarh,Balrampur,2026-02-01,0.0,0.0,0.0,0.0,0.0,0.0,0.02334263835814051
Chhattisgarh,Bastar,2026-01-11,0.0,0.0,0.0,0.0,0.0,0.0,0.03133828689064953
Chhattisgarh,Bastar,2026-01-18,0.0,0.0,0.0,0.0,0.0,0.0,0.03133828689064953
Chhattisgarh,Bastar,2026-01-25,0.0,0.0,0.0,0.0,0.0,0.0,0.03133828689064953
Chhattisgarh,Bastar,2026-02-01,0.0,0.0,0.0,0.0,0.0,0.0,0.03133828689064953
Chhattisgarh,Bemetara,2026-01-11,0.0,0.0,0.0,0.0,0.0,0.0,0.03452661308972252
Chhattisgarh,Bemetara,2026-01-18,0.0,0.0,0.0,0.0,0.0,0.0,0.03452661308972252
Chhattisgarh,Bemetara,2026-01-25,0.0,0.0,0.0,0.0,0.0,0.0,0.03452661308972252
Chhattisgarh,Bemetara,2026-02-01,0.0,0.0,0.0,0.0,0.0,0.0,0.03452661308972252
Chhattisgarh,Bijapur,2026-01-11,0.0,0.0,0.0,0.0,0.0,0.0,0.012864101042211265
Chhattisgarh,Bijapur,2026-01-18,0.0,0.0,0.0,0.0,0.0,0.0,0.012864101042211265
Chhattisgarh,Bijapur,2026-01-25,0.0,0.0,0.0,0.0,0.0,0.0,0.012864101042211265
Chhattisgarh,Bijapur,2026-02-01,0.0,0.0,0.0,0.0,0.0,0.0,0.012864101042211265
Chhattisgarh,Bilaspur,2026-01-11,0.0,0.0,0.0,0.0,0.0,0.0,0.07683580565745965
Chhattisgarh,Bilaspur,2026-01-18,0.0,0.0,0.0,0.0,0.0,0.0,0.07683580565745965
Chhattisgarh,Bilaspur,2026-01-25,0.0,0.0,0.0,0.0,0.0,0.0,0.07683580565745965
Chhattisgarh,Bilaspur,2026-02-01,0.0,0.0,0.0,0.0,0.0,0.0,0.07683580565745965
Chhattisgarh,Dakshin Bastar Dantewada,2026-01-11,0.0,0.0,0.0,0.0,0.0,0.0,0.009781745080980798
Chhattisgarh,Dakshin Bastar Dantewada,2026-01-18,0.0,0.0,0.0,0.0,0.0,0.0,0.009781745080980798
Chhattisgarh,Dakshin Bastar Dantewada,2026-01-25,0.0,0.0,0.0,0.0,0.0,0.0,0.009781745080980798
Chhattisgarh,Dakshin Bastar Dantewada,2026-02-01,0.0,0.0,0.0,0.0,0.0,0.0,0.009781745080980798
Chhattisgarh,Dantewada,2026-01-11,0.0,0.0,0.0,0.0,0.0,0.0,0.006701958327708919
Chhattisgarh,Dantewada,2026-01-18,0.0,0.0,0.0,0.0,0.0,0.0,0.006701958327708919
Chhattisgarh,Dantewada,2026-01-25,0.0,0.0,0.0,0.0,0.0,0.0,0.006701958327708919
Chhattisgarh,Dantewada,2026-02-01,0.0,0.0,0.0,0.0,0.0,0.0,0.006701958327708919
Chhattisgarh,Dhamtari,2026-01-11,0.0,0.0,0.0,0.0,0.0,0.0,0.030630658564232915
Chhattisgarh,Dhamtari,2026-01-18,0.0,0.0,0.0,0.0,0.0,0.0,0.030630658564232915
Chhattisgarh,Dhamtari,2026-01-25,0.0,0.0,0.0,0.0,0.0,0.0,0.030630658564232915
Chhattisgarh,Dhamtari,2026-02-01,0.0,0.0,0.0,0.0,0.0,0.0,0.030630658564232915
Chhattisgarh,Durg,2026-01-11,0.0,0.0,0.0,0.0,0.0,0.0,0.09099558154659705
Chhattisgarh,Durg,2026-01-18,0.0,0.0,0.0,0.0,0.0,0.0,0.09099558154659705
Chhattisgarh,Durg,2026-01-25,0.0,0.0,0.0,0.0,0.0,0.0,0.09099558154659705
Chhattisgarh,Durg,2026-02-01,0.0,0.0,0.0,0.0,0.0,0.0,0.09099558154659705
Chhattisgarh,Gariyaband,2026-01-11,0.0,0.0,0.0,0.0,0.0,0.0,0.017612077087430743
Chhattisgarh,Gariyaband,2026-01-18,0.0,0.0,0.0,0.0,0.0,0.0,0.017612077087430743
Chhattisgarh,Gariyaband,2026-01-25,0.0,0.0,0.0,0.0,0.0,0.0,0.017612077087430743
Chhattisgarh,Gariyaband,2026-02-01,0.0,0.0,0.0,0.0,0.0,0.0,0.017612077087430743
Chhattisgarh,Gaurela-pendra-marwahi,2026-01-11,0.0,0.0,0.0,0.0,0.0,0.0,0.0006989633026246715
Chhattisgarh,Gaurela-pendra-marwahi,2026-01-18,0.0,0.0,0.0,0.0,0.0,0.0,0.0006989633026246715
Chhattisgarh,Gaurela-pendra-marwahi,2026-01-25,0.0,0.0,0.0,0.0,0.0,0.0,0.0006989633026246715
Chhattisgarh,Gaurela-pendra-marwahi,2026-02-01,0.0,0.0,0.0,0.0,0.0,0.0,0.0006989633026246715
Chhattisgarh,Gaurella Pendra Marwahi,2025-07-14,0.0,0.0,0.0,0.0,0.0,0.0,0.0
Chhattisgarh,Gaurella Pendra Marwahi,2025-07-21,0.0,0.0,0.0,0.0,0.0,0.0,0.0
Chhattisgarh,Gaurella Pendra Marwahi,2025-07-28,0.0,0.0,0.0,0.0,0.0,0.0,0.0
Chhattisgarh,Gaurella Pendra Marwahi,2025-08-04,0.0,0.0,0.0,0.0,0.0,0.0,0.0
Chhattisgarh,Janjgir - Champa,2026-01-11,0.0,0.0,0.0,0.0,1.887710122521568e-09,0.0,-7.219908592929867e-06
Chhattisgarh,Janjgir - Champa,2026-01-18,0.0,0.0,0.0,0.0,2.9671258330713747e-09,0.0,-7.219908592929867e-06
Chhattisgarh,Janjgir - Champa,2026-01-25,0.0,0.0,0.0,0.0,4.354376075891905e-09,0.0,-7.219908592929867e-06
Chhattisgarh,Janjgir - Champa,2026-02-01,0.0,0.0,0.0,0.0,6.669183855607981e-09,0.0,-7.219908592929867e-06
Chhattisgarh,Janjgir Champa,2026-01-11,0.0,0.0,0.0,0.0,2.0832154392677315e-09,0.0,-2.460062748827341e-05
Chhattisgarh,Janjgir Champa,2026-01-18,0.0,0.0,0.0,0.0,2.901195054462016e-09,0.0,-2.460062748827341e-05
Chhattisgarh,Janjgir Champa,2026-01-25,0.0,0.0,0.0,0.0,4.371389549330082e-09,0.0,-2.460062748827341e-05
Chhattisgarh,Janjgir Champa,2026-02-01,0.0,0.0,0.0,0.0,5.9617604620436865e-09,0.0,-2.460062748827341e-05
Chhattisgarh,Janjgir-champa,2026-01-11,0.0,0.0,0.0,0.0,0.0,0.0,0.06532731390470232
Chhattisgarh,Janjgir-champa,2026-01-18,0.0,0.0,0.0,0.0,0.0,0.0,0.06532731390470232
Chhattisgarh,Janjgir-champa,2026-01-25,0.0,0.0,0.0,0.0,0.0,0.0,0.06532731390470232
Chhattisgarh,Janjgir-champa,2026-02-01,0.0,0.0,0.0,0.0,0.0,0.0,0.06532731390470232
Chhattisgarh,Jashpur,2026-01-11,0.0,0.0,0.0,0.0,0.0,0.0,0.03151144373759787
Chhattisgarh,Jashpur,2026-01-18,0.0,0.0,0.0,0.0,0.0,0.0,0.03151144373759787
Chhattisgarh,Jashpur,2026-01-25,0.0,0.0,0.0,0.0,0.0,0.0,0.03151144373759787
Chhattisgarh,Jashpur,2026-02-01,0.0,0.0,0.0,0.0,0.0,0.0,0.03151144373759787
Chhattisgarh,Kabeerdham,2026-01-11,0.0,0.0,0.0,0.0,0.0,0.0,0.01751036677103317
Chhattisgarh,Kabeerdham,2026-01-18,0.0,0.0,0.0,0.0,0.0,0.0,0.01751036677103317
Chhattisgarh,Kabeerdham,2026-01-25,0.0,0.0,0.0,0.0,0.0,0.0,0.01751036677103317
Chhattisgarh,Kabeerdham,2026-02-01,0.0,0.0,0.0,0.0,0.0,0.0,0.01751036677103317
Chhattisgarh,Kanker,2026-01-11,0.0,0.0,0.0,0.0,0.0,0.0,0.022225765971469306
Chhattisgarh,Kanker,2026-01-18,0.0,0.0,0.0,0.0,0.0,0.0,0.022225765971469306
Chhattisgarh,Kanker,2026-01-25,0.0,0.0,0.0,0.0,0.0,0.0,0.022225765971469306
Chhattisgarh,Kanker,2026-02-01,0.0,0.0,0.0,0.0,0.0,0.0,0.022225765971469306
Chhattisgarh,Kawardha,2026-01-11,0.0,0.0,0.0,0.0,0.0,0.0,0.0240778966510573
Chhattisgarh,Kawardha,2026-01-18,0.0,0.0,0.0,0.0,0.0,0.0,0.0240778966510573
Chhattisgarh,Kawardha,2026-01-25,0.0,0.0,0.0,0.0,0.0,0.0,0.0240778966510573
Chhattisgarh,Kawardha,2026-02-01,0.0,0.0,0.0,0.0,0.0,0.0,0.0240778966510573
Chhattisgarh,Khairagarh Chhuikhadan Gandai,2026-01-11,0.0,0.0,0.0,0.0,0.0,0.0,3.94963127506578e-05
Chhattisgarh,Khairagarh Chhuikhadan Gandai,2026-01-18,0.0,0.0,0.0,0.0,0.0,0.0,3.94963127506578e-05
Chhattisgarh,Khairagarh Chhuikhadan Gandai,2026-01-25,0.0,0.0,0.0,0.0,0.0,0.0,3.94963127506578e-05
Chhattisgarh,Khairagarh Chhuikhadan Gandai,2026-02-01,0.0,0.0,0.0,0.0,0.0,0.0,3.94963127506578e-05
Chhattisgarh,Kondagaon,2026-01-11,0.0,0.0,0.0,0.0,0.0,0.0,0.018461301633072448
Chhattisgarh,Kondagaon,2026-01-18,0.0,0.0,0.0,0.0,0.0,0.0,0.018461301633072448
Chhattisgarh,Kondagaon,2026-01-25,0.0,0.0,0.0,0.0,0.0,0.0,0.018461301633072448
Chhattisgarh,Kondagaon,2026-02-01,0.0,0.0,0.0,0.0,0.0,0.0,0.018461301633072448
Chhattisgarh,Korba,2026-01-11,0.0,0.0,0.0,0.0,0.0,0.0,0.04197216533873012
Chhattisgarh,Korba,2026-01-18,0.0,0.0,0.0,0.0,0.0,0.0,0.04197216533873012
Chhattisgarh,Korba,2026-01-25,0.0,0.0,0.0,0.0,0.0,0.0,0.04197216533873012
Chhattisgarh,Korba,2026-02-01,0.0,0.0,0.0,0.0,0.0,0.0,0.04197216533873012
Chhattisgarh,Koriya,2026-01-11,0.0,0.0,0.0,0.0,0.0,0.0,0.02121221734254502
Chhattisgarh,Koriya,2026-01-18,0.0,0.0,0.0,0.0,0.0,0.0,0.02121221734254502
Chhattisgarh,Koriya,2026-01-25,0.0,0.0,0.0,0.0,0.0,0.0,0.02121221734254502
Chhattisgarh,Koriya,2026-02-01,0.0,0.0,0.0,0.0,0.0,0.0,0.02121221734254502
Chhattisgarh,Mahasamund,2026-01-11,0.0,0.0,0.0,0.0,0.0,0.0,0.03301929001578755
Chhattisgarh,Mahasamund,2026-01-18,0.0,0.0,0.0,0.0,0.0,0.0,0.03301929001578755
Chhattisgarh,Mahasamund,2026-01-25,0.0,0.0,0.0,0.0,0.0,0.0,0.03301929001578755
Chhattisgarh,Mahasamund,2026-02-01,0.0,0.0,0.0,0.0,0.0,0.0,0.03301929001578755
Chhattisgarh,ManendragarhChirmiriBharatpur,2025-07-14,14.666666666666666,10.267638806781749,7.450364135437656,5.2157487219323615,21.88296919789568,15.319528891631137,0.00022094093524626916
Chhattisgarh,ManendragarhChirmiriBharatpur,2025-07-21,14.666666666666666,10.267638806781749,7.450364135437656,5.2157487219323615,21.88296919789568,15.319528891631137,0.00022094093524626916
Chhattisgarh,ManendragarhChirmiriBharatpur,2025-07-28,14.666666666666666,10.267638806781749,7.450364135437656,5.2157487219323615,21.88296919789568,15.319528891631137,0.00022094093524626916
Chhattisgarh,ManendragarhChirmiriBharatpur,2025-08-04,14.666666666666666,10.267638806781749,7.450364135437656,5.2157487219323615,21.88296919789568,15.319528891631137,0.00022094093524626916
Chhattisgarh,ManendragarhChirmiriBharatpur,2026-01-11,0.0,0.0,0.0,0.0,2.049336309148478e-09,0.0,-3.790072640401558e-05
Chhattisgarh,ManendragarhChirmiriBharatpur,2026-01-18,0.0,0.0,0.0,0.0,3.126937522321486e-09,0.0,-3.790072640401558e-05
Chhattisgarh,ManendragarhChirmiriBharatpur,2026-01-25,0.0,0.0,0.0,0.0,5.2557691402777245e-09,0.0,-3.790072640401558e-05
Chhattisgarh,ManendragarhChirmiriBharatpur,2026-02-01,0.0,0.0,0.0,0.0,7.1070428924328095e-09,0.0,-3.790072640401558e-05
Chhattisgarh,Mohalla-Manpur-Ambagarh Chowki,2026-01-11,0.0,0.0,0.0,0.0,0.0,0.0,5.1475349626424404e-06
Chhattisgarh,Mohalla-Manpur-Ambagarh Chowki,2026-01-18,0.0,0.0,0.0,0.0,0.0,0.0,5.1475349626424404e-06
Chhattisgarh,Mohalla-Manpur-Ambagarh Chowki,2026-01-25,0.0,0.0,0.0,0.0,0.0,0.0,5.1475349626424404e-06
Chhattisgarh,Mohalla-Manpur-Ambagarh Chowki,2026-02-01,0.0,0.0,0.0,0.0,0.0,0.0,5.1475349626424404e-06
Chhattisgarh,Mohla-Manpur-Ambagarh Chouki,2026-01-11,0.0,0.0,0.0,0.0,0.0,0.0,0.0009953917499508982
Chhattisgarh,Mohla-Manpur-Ambagarh Chouki,2026-01-18,0.0,0.0,0.0,0.0,0.0,0.0,0.0009953917499508982
Chhattisgarh,Mohla-Manpur-Ambagarh Chouki,2026-01-25,0.0,0.0,0.0,0.0,0.0,0.0,0.0009953917499508982
Chhattisgarh,Mohla-Manpur-Ambagarh Chouki,2026-02-01,0.0,0.0,0.0,0.0,0.0,0.0,0.0009953917499508982
